DNI,Nombre,Asignatura,Nota,horas_estudio,Edad,Sexo,Ciudad,Correo,Telefono
3912,Jonatan Mayoral,Programacion,10,8,22.0,Femenino,Huelva,valeramicaela@example.com,+34827 974 234
7175,Marco Hernandez,Programacion,5,2,22.0,Masculino,Cantabria,walter42@example.org,+34 883395677
9086,Florinda Oller,Fisica,3,0,25.0,Masculino,,etorrijos@example.net,+34984 228 278
4454,Antonio Madrigal,Fisica,10,6,24.0,Masculino,Santa Cruz de Tenerife,ainoacespedes@example.net,+34983 12 54 97
6945,Rafaela Berenguer,Programacion,10,5,20.0,Femenino,Valencia,marcio76@example.org,+34 882 63 71 15
8189,Rogelio Quiroga,Fisica,6,5,19.0,Masculino,Lleida,wmora@example.org,+34881 40 56 93
4901,Tito Cuenca,Fisica,6,3,22.0,Masculino,Castellón,feliciano32@example.net,+34887 288 504
4881,Amílcar Alberola,Programacion,5,3,,Femenino,Madrid,llanosluciana@example.net,+34887850307
5971,Fabiola Vilaplana,Matematicas,4,2,19.0,Femenino,León,constanzatorralba@example.org,+34 961 678 161
8831,Evangelina Gascón,Programacion,8,5,23.0,Masculino,Pontevedra,salvador53@example.net,
8421,Octavio Real,Programacion,5,3,,Masculino,Guipúzcoa,gomezevelia@example.com,+34873 61 55 58
3792,Lázaro Galán,Programacion,9,5,21.0,Femenino,Málaga,ysimo@example.com,+34 849 45 83 42
6940,Emilio Ramirez,Fisica,6,3,24.0,Masculino,Huesca,ruthcobo@example.org,+34 882 395 726
1279,Vanesa Tena,Programacion,10,8,20.0,Femenino,La Coruña,bsalvador@example.org,+34 875 385 730
4912,Urbano Zamora,Fisica,7,4,25.0,Femenino,Lleida,nataliaoliver@example.net,+34 821644513
4309,Nydia Lorenzo,Matematicas,6,3,18.0,Masculino,Lleida,victorinomadrid@example.net,+34943 91 26 38
1815,Javiera Cuesta,Programacion,7,3,18.0,Femenino,Lleida,ofelia08@example.com,
7081,Isaías Palmer,Matematicas,6,4,18.0,Masculino,Guipúzcoa,paloma38@example.net,+34913 711 638
3654,Margarita Vera,Programacion,5,3,21.0,Masculino,Ceuta,adoraacuna@example.com,+34 879168880
1810,Pili Seco,Fisica,4,3,25.0,Masculino,Toledo,maite27@example.com,+34847518054
8934,Angélica Asensio,Matematicas,4,6,24.0,Masculino,Granada,qmendez@example.net,+34973253411
1512,Ana Sofía Marco,Programacion,3,0,18.0,Masculino,Guipúzcoa,vaguirre@example.org,+34 886 86 85 17
3950,Alex Guitart,Matematicas,8,5,22.0,Masculino,Cáceres,mcamara@example.net,+34 980 473 355
5829,Reina Rosell,Fisica,2,1,18.0,Femenino,Almería,albano05@example.org,+34822 47 48 76
4139,Ambrosio Cepeda,Fisica,8,3,25.0,Femenino,Murcia,wmoya@example.com,+34 920 908 354
5383,Cruz Gámez,Programacion,7,7,24.0,Masculino,Melilla,espinosalorena@example.org,+34 985 01 01 96
3845,Adalberto Belmonte,Programacion,5,3,24.0,Femenino,Badajoz,rogelio93@example.net,+34 825756374
7160,Arturo Barrena,Matematicas,7,5,19.0,,Granada,bermudezbautista@example.org,+34 921 244 899
5093,Tecla Sabater,Fisica,7,3,22.0,Masculino,Huesca,hernandezgalo@example.org,+34 947 879 144
5329,Carlota Garay,Fisica,6,2,24.0,Femenino,Murcia,marisoltorrents@example.net,+34 847379684
5363,Enrique Cornejo,Programacion,7,5,18.0,,Pontevedra,haydee52@example.com,+34 880462798
4409,Juanita Blázquez,Fisica,8,5,24.0,Femenino,Huesca,,+34 987 662 489
5989,Hermenegildo Sastre,Fisica,5,4,23.0,Masculino,Ourense,upina@example.net,+34931 11 61 67
7467,Florinda Peiró,Fisica,3,4,24.0,Masculino,Valencia,aaguilera@example.com,+34948 060 026
1511,Rosa María Español,Matematicas,6,5,21.0,Femenino,,merchegomis@example.net,+34 974729753
3679,Delia Tudela,Matematicas,5,3,,Masculino,Murcia,sara41@example.org,+34 928 92 19 17
5366,Abigaíl Anaya,Matematicas,9,5,25.0,Masculino,Murcia,eusebio68@example.org,+34981 67 59 87
1270,Angelita Rincón,Fisica,9,5,18.0,Femenino,Palencia,vitocorbacho@example.com,+34974 028 347
1447,Eligia Clavero,Programacion,4,3,21.0,Masculino,Castellón,eloisahuguet@example.com,+34824823955
5469,Fulgencio Saez,Programacion,2,0,22.0,Femenino,Asturias,heribertoreig@example.com,+34980 397 701
1043,Antonia Company,Programacion,5,5,22.0,Femenino,Las Palmas,imelendez@example.com,+34 824 639 052
8526,Marcio Ávila,Matematicas,0,0,24.0,Femenino,Asturias,bnieto@example.com,+34 842 797 491
6012,Eric Carnero,Fisica,5,6,22.0,Masculino,Ourense,benignonogues@example.org,+34807 259 863
3583,Emilia Araujo,Matematicas,10,5,22.0,Femenino,Badajoz,leocadioechevarria@example.net,+34 885 803 620
6410,Juan Carlos Pineda,Matematicas,4,3,21.0,Masculino,Cáceres,miguel-angel03@example.com,+34806670813
4360,Alicia Calatayud,Programacion,4,3,19.0,Femenino,Segovia,,+34711066905
3881,Cornelio Borja,Programacion,4,4,21.0,Masculino,Girona,jbarral@example.com,+34 980 80 27 30
3837,Jose Ramón Campillo,Fisica,6,3,21.0,Femenino,Girona,lsalazar@example.org,+34 983 08 83 33
3628,Áurea Samper,Matematicas,4,4,18.0,Masculino,Toledo,bsebastian@example.com,+34933 624 209
8981,Pastor Andres,Fisica,9,7,18.0,Masculino,Ávila,flaviamuro@example.com,+34987332692
2000,Violeta Goñi,Matematicas,6,5,21.0,Femenino,Cantabria,xgalan@example.com,+34 941 99 28 17
5888,Eugenio Orozco,Fisica,10,8,20.0,Masculino,Pontevedra,arenascarmelo@example.org,+34935 93 97 98
5020,Adalberto Cordero,Matematicas,6,5,19.0,Masculino,Baleares,,+34885 478 355
4720,Benigna Urrutia,Fisica,4,4,22.0,Femenino,Palencia,almudenacobo@example.org,+34876727524
6345,Adelardo Bauzà,Matematicas,6,4,22.0,Femenino,Granada,garcesanselmo@example.net,+34 864 798 432
9442,Estrella Amigó,Matematicas,10,7,25.0,Femenino,Ávila,carbonellheliodoro@example.org,+34872 23 67 35
6898,Ale Osorio,Programacion,5,3,24.0,Masculino,Vizcaya,kblanes@example.com,+34972 364 765
3622,Arcelia Mendizábal,Matematicas,5,3,22.0,Femenino,Las Palmas,xprada@example.com,+34 924 75 17 68
2565,Calixto Chacón,Programacion,6,5,18.0,Masculino,La Coruña,gcerda@example.net,+34 882428428
1139,Jerónimo Sans,Fisica,6,5,25.0,Femenino,Granada,,+34847 65 60 94
9519,Máxima Casares,Programacion,4,3,18.0,Femenino,La Rioja,,+34 937 278 680
4642,Luis Cañas,Matematicas,6,5,19.0,Femenino,Asturias,,+34710819723
9149,Victor Paniagua,Programacion,5,4,23.0,Femenino,León,,+34956 47 57 29
7471,Benita Ortiz,Programacion,4,5,19.0,Masculino,Ceuta,baltasar40@example.net,+34984 41 56 14
9857,Emelina Huerta,Fisica,5,3,21.0,Femenino,Guadalajara,albino12@example.org,+34 947 985 326
1492,Aitana Angulo,Programacion,4,3,25.0,Masculino,Girona,custodio40@example.org,+34923 31 19 65
1822,Gabriel Pablo,Fisica,0,0,,Femenino,Cantabria,carana@example.net,+34885 88 47 29
6238,Reinaldo Carbajo,Fisica,8,5,24.0,Masculino,León,,+34 973445939
1339,José Ángel Llabrés,Programacion,5,4,24.0,Femenino,Granada,aamaya@example.com,+34875 035 959
2401,Xavier Jove,Matematicas,10,8,22.0,Masculino,Zaragoza,marcoscabo@example.org,+34 827 30 21 06
1490,Nicolás Sastre,Fisica,8,5,24.0,,Palencia,cerveraadora@example.net,+34884 478 561
8299,Hugo Martin,Programacion,7,5,21.0,Masculino,Ávila,romaluis@example.net,+34961311238
1884,Victor Manuel Adadia,Fisica,4,0,20.0,Masculino,Málaga,jose-antoniovaldes@example.com,+34926020132
8124,Catalina Villanueva,Programacion,3,3,20.0,Masculino,Girona,ofelia74@example.com,+34 977376714
5081,Mauricio Agudo,Programacion,6,3,23.0,,,egeache@example.com,+34811 042 471
1851,Ildefonso Higueras,Matematicas,4,3,24.0,Masculino,Ceuta,iglesiamaura@example.net,+34 987 10 61 70
3297,Adora Bustos,Programacion,7,6,25.0,Masculino,Huelva,malojose@example.com,+34928 98 32 37
3597,Esmeralda Agustín,Fisica,7,6,19.0,,Almería,tnevado@example.org,+34876 362 782
7588,Bernardita Baños,Fisica,5,3,18.0,Femenino,Soria,npujol@example.org,+34 807 99 90 45
1876,Natalia Ramírez,Matematicas,5,3,18.0,Masculino,Navarra,sanchezbenito@example.net,+34974 795 651
4004,Chus Dominguez,Fisica,7,7,20.0,Femenino,Ciudad,nilda25@example.org,+34936 277 160
8162,Evelia Benitez,Matematicas,7,4,25.0,Femenino,Ourense,ainaragallart@example.net,+34986 870 578
5450,Cornelio Cobos,Programacion,5,2,19.0,Femenino,,ciriacofernandez@example.com,+34 734 50 25 06
2512,Herminia Figueras,Programacion,5,5,19.0,Femenino,Ciudad,pdonaire@example.net,+34 982178592
8335,Trinidad Barranco,Programacion,7,3,18.0,Masculino,Teruel,ugallardo@example.org,+34823 29 15 27
8713,Ángel Roman,Matematicas,9,4,25.0,Femenino,Jaén,carneroalondra@example.com,+34888864609
9033,Seve Belda,Fisica,9,5,23.0,Femenino,Ávila,olgagomez@example.net,+34 879 30 75 00
7345,Loida Medina,Fisica,7,5,18.0,Masculino,Zaragoza,jalba@example.net,+34925087615
7231,Rosaura Calzada,Programacion,4,4,20.0,Femenino,Jaén,cjaume@example.com,+34 749515559
6444,Óscar Fabra,Fisica,8,4,23.0,Masculino,Barcelona,calista17@example.com,+34 900 375 529
9033,Albano Cazorla,Matematicas,9,8,22.0,Masculino,Ceuta,alfredorevilla@example.com,+34 847 90 16 05
2394,Victoria Benítez,Matematicas,7,3,25.0,Masculino,Guipúzcoa,celia03@example.org,+34825883695
5863,Amelia Millán,Matematicas,5,3,25.0,Masculino,Badajoz,eliana42@example.com,+34844 41 72 35
3109,Reynaldo Osuna,Matematicas,6,3,19.0,Femenino,Jaén,elisa76@example.org,+34 709 301 321
8156,Marco Guillen,Fisica,8,5,18.0,Masculino,Soria,ferrandizdulce@example.net,+34 971223737
8355,José Pombo,Matematicas,6,3,24.0,Femenino,Cantabria,sroig@example.org,+34 923 476 558
4575,Amancio Milla,Fisica,10,8,23.0,Femenino,Murcia,goyo28@example.org,+34 712 25 08 55
5893,Ofelia Pereira,Programacion,8,3,23.0,Femenino,Palencia,bmora@example.com,+34 987 543 962
2263,Jenaro Cazorla,Fisica,7,5,19.0,Masculino,La Coruña,,+34887 880 895
5124,Rosario Cózar,Matematicas,7,4,23.0,Femenino,Guadalajara,esmeralda29@example.net,+34 888 716 940
8320,Mirta Bernad,Fisica,8,3,22.0,Masculino,La Rioja,berto01@example.net,+34928 06 88 25
5562,Omar Gámez,Programacion,5,5,20.0,,Huelva,alberto77@example.org,+34 888 43 28 80
4334,Mateo Llano,Programacion,0,0,24.0,Masculino,Las Palmas,amocandelaria@example.org,+34749 368 750
2301,Visitación Arnal,Programacion,5,2,22.0,,León,florenciotrujillo@example.org,+34927 54 13 48
4703,Plácido Segura,Fisica,3,3,20.0,Masculino,Sevilla,venceslasluque@example.net,+34827 748 183
3970,Casandra Pol,Matematicas,10,5,19.0,Masculino,Huelva,,+34882 23 89 76
9153,Octavia Ferreras,Matematicas,5,4,24.0,Femenino,Las Palmas,qmoles@example.org,+34883 015 999
7949,Cornelio Escobar,Fisica,3,2,21.0,Femenino,León,gcapdevila@example.net,+34807 628 814
2400,Remigio Calatayud,Matematicas,6,1,19.0,Masculino,Valencia,luna33@example.org,+34 712215037
8627,Olalla Mínguez,Matematicas,7,3,21.0,Femenino,Álava,adelasabater@example.com,+34878 759 737
3699,Conrado Campillo,Fisica,10,8,25.0,Masculino,Navarra,amoramor@example.com,+34 841 40 75 76
8478,Eliana Tirado,Programacion,8,5,23.0,Femenino,La Rioja,erasmorey@example.org,+34 971 02 30 79
8930,Herminio Fuentes,Matematicas,4,3,19.0,Femenino,Toledo,montserratjuan-luis@example.com,+34880 16 05 39
9061,Leoncio Salvador,Programacion,10,7,23.0,Masculino,Ceuta,pjuarez@example.org,+34 879028264
8758,Gastón Gonzalo,Matematicas,5,3,25.0,Femenino,Soria,ibanezgregorio@example.com,+34 946 28 13 27
1110,Leonel Cantero,Programacion,5,2,22.0,Masculino,La Rioja,ncortina@example.org,+34 842 89 19 85
3668,Toni Tenorio,Programacion,8,5,20.0,Masculino,Córdoba,prudenciomarin@example.com,+34 881 340 771
2054,Agustín Díaz,Matematicas,5,3,19.0,Femenino,Santa Cruz de Tenerife,aliciacabo@example.org,+34882 45 73 87
4938,Bruno Ruano,Matematicas,6,3,25.0,Masculino,,francisco-javier21@example.org,+34 922335276
1128,Rosenda Armas,Fisica,8,5,23.0,Masculino,Tarragona,,+34885910783
2885,Emma Montaña,Matematicas,7,4,25.0,Masculino,Alicante,iherranz@example.org,+34988 752 726
2260,Fortunato Tejedor,Matematicas,1,1,18.0,Masculino,Ciudad,jraya@example.com,+34 975725321
4967,María Manuela Ramis,Fisica,7,5,20.0,Femenino,Madrid,jafetojeda@example.com,+34988780146
3302,Hilda Zaragoza,Programacion,9,5,22.0,Femenino,Vizcaya,sacristanmelisa@example.org,+34 725241721
4072,Elisa Criado,Fisica,4,3,19.0,Femenino,,,+34 945407078
3461,Camila Giménez,Programacion,4,2,25.0,Femenino,Las Palmas,higuerastere@example.com,+34 824 719 902
2627,Toño Izquierdo,Fisica,4,3,23.0,Femenino,Almería,barceloyessica@example.org,+34926461968
2010,María Teresa Parra,Matematicas,8,3,20.0,Masculino,Lleida,pioprat@example.net,+34 943682278
8155,Jerónimo Esteve,Matematicas,8,5,18.0,Femenino,Valladolid,pozamaria-pilar@example.org,
2211,Fidela Valencia,Programacion,7,4,,Femenino,Burgos,olegariomelendez@example.net,+34 848 128 356
6854,Gabino Velasco,Matematicas,4,3,19.0,Femenino,Burgos,gualsol@example.net,+34 708 976 975
8206,Micaela Vilar,Programacion,6,3,18.0,Masculino,Girona,hilario54@example.com,+34 880 10 97 40
7870,Camila Echeverría,Fisica,4,3,25.0,Masculino,Ávila,bordonez@example.net,+34945 755 637
2773,José Larrea,Matematicas,9,7,,Femenino,Baleares,agustin93@example.com,+34977320881
8697,Calixta Chamorro,Programacion,8,7,21.0,Femenino,La Rioja,sgonzalez@example.net,+34 942 537 694
2260,Elena Borrego,Fisica,10,7,20.0,Femenino,Ourense,masmaxima@example.net,+34976517901
3674,Aitana Molins,Matematicas,7,4,23.0,Femenino,Guadalajara,usalva@example.org,+34881392157
9459,Felipe Acosta,Matematicas,7,5,25.0,Masculino,Badajoz,maricelavazquez@example.org,+34 987591823
2929,Perlita Iglesia,Programacion,8,5,,Masculino,Badajoz,mpalomino@example.com,+34 973 29 27 14
1947,Samu Arribas,Matematicas,4,4,25.0,Femenino,Teruel,zalamo@example.net,+34 986 88 63 16
9964,Virginia Aguado,Programacion,3,3,25.0,Femenino,Segovia,caminosusana@example.com,+34 880846091
4500,Albino Adadia,Matematicas,8,5,25.0,Femenino,Segovia,huguetinocencio@example.org,+34 884169173
7344,Tatiana Valderrama,Fisica,3,1,19.0,Masculino,Córdoba,,+34946 135 781
1492,Joel Bru,Matematicas,6,3,24.0,Femenino,Las Palmas,,+34842926025
1505,Jessica Arnal,Programacion,9,3,21.0,,Santa Cruz de Tenerife,royojuan-luis@example.com,+34 900793447
2253,Arsenio Ruiz,Programacion,4,1,19.0,Masculino,Burgos,olegario26@example.com,
1362,Constanza Dominguez,Programacion,4,3,19.0,,Almería,vcoello@example.org,+34925 32 23 57
3205,Aurelia Vila,Fisica,9,5,20.0,Femenino,Asturias,bagusti@example.net,+34 941 28 03 07
7801,Fabián Querol,Matematicas,5,5,20.0,Femenino,Córdoba,clemente38@example.net,
1395,Andrés Felipe Ramirez,Matematicas,4,3,25.0,Femenino,Huesca,villalbamanuela@example.net,+34883 868 279
4377,Ariel Sarmiento,Matematicas,9,7,21.0,Femenino,,,+34960 22 66 08
5440,Candela Rubio,Programacion,10,8,23.0,Masculino,Palencia,,+34 823345766
2648,Delia Mas,Programacion,5,4,20.0,Masculino,Granada,america80@example.org,+34926 757 260
4897,Régulo Valcárcel,Matematicas,6,5,18.0,Femenino,Murcia,tereboada@example.net,+34977 76 41 18
4506,Tiburcio Arenas,Programacion,6,4,,Masculino,La Coruña,nacio81@example.com,+34846830025
1131,Encarnacion Sánchez,Matematicas,9,8,21.0,Femenino,Guadalajara,ecasado@example.com,+34 981 39 04 75
9054,Efraín Parejo,Matematicas,7,3,20.0,Femenino,Baleares,lmendez@example.org,+34 978 77 37 44
8140,Samu Carbonell,Programacion,4,4,23.0,Femenino,Córdoba,vosorio@example.com,+34 975 757 738
7076,Vilma Sans,Matematicas,6,6,22.0,Masculino,Albacete,maura48@example.net,
5253,Pascuala Alcalde,Programacion,6,5,,Masculino,Cuenca,anicolas@example.com,
3997,Jesús Villalonga,Matematicas,2,1,24.0,Masculino,Navarra,olgatejera@example.com,
7347,Raúl Fabregat,Programacion,10,6,19.0,,Álava,alba19@example.net,+34986050220
8543,Marc Montes,Programacion,6,3,18.0,Masculino,,zuritaloreto@example.net,+34 822 392 730
6199,Anna Diego,Programacion,6,4,18.0,Femenino,Salamanca,anabel48@example.net,+34979 931 832
5698,Edgardo Escamilla,Matematicas,8,8,23.0,Masculino,Guadalajara,,+34 875858994
3127,Maribel Morán,Matematicas,9,6,25.0,Femenino,Palencia,oliveamarilis@example.com,+34 964850908
8393,Tadeo Romeu,Fisica,5,5,18.0,,Ourense,heriberto34@example.net,+34749 13 36 65
6131,Ibán Losa,Matematicas,3,3,22.0,Masculino,Murcia,dulcemontenegro@example.com,+34 879576048
8671,Encarnacion Barba,Matematicas,10,8,18.0,Masculino,Valladolid,camachovalerio@example.com,+34926 22 30 87
1926,Teodora Roca,Matematicas,6,4,22.0,Femenino,La Coruña,solerbernarda@example.com,+34 824 70 57 29
2604,Elisa Bello,Fisica,6,3,22.0,Femenino,Almería,celso65@example.org,+34945 56 84 63
9507,María José Barceló,Fisica,7,5,20.0,Femenino,Cáceres,jose-manuel05@example.com,+34984 75 10 53
9736,Alfredo Ropero,Matematicas,10,7,25.0,Femenino,Cádiz,xbenitez@example.net,+34925 960 745
4877,Amando Comas,Matematicas,4,3,22.0,Masculino,Álava,zorrillajordana@example.net,+34920 373 526
8339,Ámbar Cerro,Programacion,4,4,22.0,Masculino,Navarra,manuelitaviana@example.net,+34 806 90 51 61
9829,Margarita Duran,Matematicas,10,7,23.0,Femenino,Barcelona,azaharasanchez@example.net,+34942 29 65 59
7429,Heriberto Arco,Programacion,1,0,23.0,Femenino,Zamora,micaela73@example.com,
1250,Micaela Franch,Matematicas,2,1,24.0,Femenino,Tarragona,tbautista@example.net,+34921641907
1795,Carmela Jove,Programacion,6,5,24.0,Femenino,Baleares,smilla@example.com,+34966410892
9318,Sosimo Pazos,Fisica,6,4,25.0,,Teruel,manuelitacastells@example.org,+34943 82 46 93
7216,María Valdés,Fisica,5,4,21.0,Femenino,Ciudad,martaestevez@example.net,+34 920 414 797
6195,Heriberto Poza,Matematicas,4,4,22.0,Masculino,Las Palmas,calvarez@example.org,+34 882 08 07 22
4278,Darío Tejada,Fisica,2,1,23.0,Femenino,Toledo,wcanas@example.com,+34 986671568
4530,Carmelita Cervera,Fisica,1,2,25.0,Masculino,Sevilla,wbenitez@example.com,+34 875279865
2782,Teobaldo Rodrigo,Programacion,7,4,18.0,Masculino,Lleida,arteagaserafina@example.org,+34986163569
9025,Plácido Arcos,Fisica,4,4,19.0,Femenino,Cádiz,miriam68@example.com,+34 845 281 881
7176,Juana Ruano,Matematicas,6,6,24.0,Masculino,Cuenca,vnicolas@example.org,+34947 502 603
8208,Flavia Talavera,Matematicas,7,5,22.0,Femenino,Ceuta,qjaen@example.com,+34887 17 25 74
7430,Rolando Pastor,Fisica,4,3,22.0,Masculino,Tarragona,teo46@example.net,
2686,Lina Araujo,Matematicas,8,4,20.0,Femenino,Cuenca,lara14@example.com,+34886 49 01 02
4659,Montserrat Jimenez,Fisica,4,4,23.0,Femenino,Almería,gabril@example.net,+34844 30 20 17
5564,Felisa Barrena,Matematicas,5,3,20.0,Femenino,Ceuta,amaliasantana@example.com,+34 884 98 66 54
4012,Aroa Terrón,Programacion,3,1,18.0,Masculino,Asturias,teodora39@example.org,+34807 501 530
5868,Luis Arcos,Fisica,7,7,21.0,Femenino,Baleares,adelinaroman@example.net,+34 874 751 113
5980,Eusebia Vilalta,Matematicas,10,8,23.0,Femenino,Álava,victoriano74@example.net,+34882347299
6823,Raquel Vicens,Programacion,10,8,22.0,Masculino,Pontevedra,fortunato87@example.com,+34821849610
1603,Ricarda Ríos,Fisica,7,4,24.0,Femenino,Granada,ribajose-angel@example.com,
8379,Kike Girón,Matematicas,3,0,19.0,Masculino,Albacete,molesarsenio@example.org,+34928 54 85 33
9552,Adrián Batalla,Fisica,10,8,22.0,Masculino,Cádiz,iserra@example.org,+34 987 944 026
7234,Pía Barragán,Programacion,9,5,23.0,Masculino,Zaragoza,jcastillo@example.org,+34 807322246
9777,Esmeralda Amo,Fisica,8,7,25.0,Masculino,Toledo,alemanitziar@example.com,+34988503567
7066,Camila Rodríguez,Programacion,5,3,,Femenino,La Coruña,benetruth@example.net,+34 826 36 86 54
4934,Rita Ferrero,Programacion,7,3,21.0,Masculino,Málaga,mosqueracarla@example.com,+34949198717
8992,Damián Bautista,Matematicas,5,2,23.0,Femenino,Granada,oexposito@example.org,+34 832362461
9393,Claudio Pacheco,Programacion,8,5,21.0,Masculino,Málaga,aaronduenas@example.com,+34920991110
3096,Josué Garzón,Programacion,5,5,23.0,Masculino,Guipúzcoa,dbarco@example.com,+34871127444
4015,Lola Rozas,Matematicas,7,5,19.0,Femenino,Girona,eladiovillalba@example.net,+34874 74 72 52
7773,Elvira Almeida,Programacion,4,3,24.0,Femenino,Ávila,fuertesreina@example.com,+34 978159385
4707,Rafael Planas,Matematicas,7,5,18.0,,Albacete,teobaldo55@example.com,+34 843746621
8879,Melchor Cámara,Matematicas,5,3,25.0,Femenino,Asturias,falcosalomon@example.net,+34 973 84 83 23
3366,Martín Escalona,Programacion,10,7,22.0,Femenino,Santa Cruz de Tenerife,eloisa94@example.com,+34 871 374 096
3341,Fito Peláez,Fisica,6,4,22.0,Femenino,Sevilla,clotilde23@example.com,+34 828 848 569
4077,Gracia Arteaga,Programacion,4,1,20.0,Masculino,La Rioja,malarcon@example.org,+34803338599
8777,Raimundo Blázquez,Fisica,5,4,25.0,Masculino,,josetorrent@example.net,+34 879883108
1055,Hernán Girón,Programacion,4,3,18.0,Masculino,Alicante,mvega@example.net,+34977 70 17 45
8644,Armida Rius,Matematicas,4,3,19.0,Femenino,Almería,florenciaescolano@example.net,+34975 09 23 46
3086,Macaria Manuel,Programacion,3,1,22.0,Femenino,Guadalajara,ricopalau@example.com,+34 945 98 23 91
3312,Agustina Font,Matematicas,8,5,23.0,Masculino,Cáceres,nadalesmeralda@example.org,+34 983 605 625
6442,José Luis Báez,Fisica,10,6,23.0,Masculino,Guadalajara,riverovera@example.org,+34827 570 963
6182,Alma Cuevas,Programacion,5,3,23.0,Masculino,Granada,ybas@example.com,+34873128425
6309,Pacífica Roman,Fisica,3,2,24.0,Masculino,Toledo,amador67@example.net,+34833269781
7559,Leire Frías,Programacion,4,3,21.0,Masculino,Zamora,zaira18@example.com,+34925708802
4466,Teresa Egea,Matematicas,1,0,18.0,Masculino,Zamora,ceciliazabala@example.com,+34 926163219
5116,Nacho Peñas,Matematicas,8,5,24.0,Femenino,Huesca,rosalarrea@example.org,+34979776749
6902,Mateo Barragán,Programacion,3,3,21.0,Femenino,Álava,romeuchelo@example.org,+34 842524945
4704,Ester Mesa,Fisica,6,4,23.0,Masculino,Huesca,qrodriguez@example.net,+34859091418
1052,Adolfo Paredes,Programacion,5,3,21.0,Femenino,,celestinamora@example.org,+34 874 83 34 46
9647,Máxima Gargallo,Programacion,3,1,22.0,Femenino,,baezaaraceli@example.org,+34 986 903 771
2925,Roxana Molina,Programacion,5,4,24.0,Femenino,Castellón,manzanaresamando@example.net,+34 718 98 51 13
4342,Teresa Durán,Fisica,5,3,24.0,Masculino,León,humbertoabella@example.net,+34 982 917 594
1750,Santiago Aroca,Programacion,6,6,19.0,Femenino,Jaén,galaespejo@example.org,+34 880 63 59 63
1819,Wilfredo Nieto,Matematicas,9,8,19.0,Femenino,Guipúzcoa,azenethrueda@example.org,+34921 035 273
8200,Flavia Antúnez,Programacion,4,3,,Femenino,Alicante,manuel56@example.com,+34847 208 618
9599,Toño Pino,Programacion,8,5,22.0,Femenino,Santa Cruz de Tenerife,marciano34@example.org,+34876 168 244
6881,Dulce Alegria,Matematicas,3,3,25.0,Femenino,Navarra,benigna98@example.com,+34 934 699 346
5870,Bibiana Garmendia,Programacion,9,6,24.0,Masculino,Soria,walarcon@example.com,+34 900284809
2099,Valeria Milla,Fisica,8,4,23.0,Masculino,Jaén,amelia78@example.com,+34 886706387
3556,Simón Castelló,Programacion,4,5,20.0,Masculino,Burgos,tbarros@example.com,+34 925285072
6830,Macario Salvador,Fisica,8,5,19.0,Femenino,Valladolid,quirinomoya@example.net,+34941317853
6156,Emiliano Bertrán,Programacion,8,5,21.0,Femenino,Ceuta,juan55@example.com,+34885920512
6027,Nacio Matas,Programacion,2,1,24.0,Femenino,Zamora,isidoro67@example.org,+34 983 62 33 37
9254,Ricarda Bermejo,Programacion,4,3,21.0,Masculino,Málaga,bernarditaosorio@example.org,+34 872 93 45 06
2477,Abigaíl Bellido,Fisica,7,5,23.0,Masculino,Almería,vborrego@example.com,+34984 59 42 78
1442,Chema Catalán,Matematicas,5,3,20.0,Masculino,Baleares,canizaresroque@example.org,+34 743 888 175
5684,Consuelo Quintanilla,Programacion,9,7,18.0,Femenino,Pontevedra,tormomartin@example.com,+34880 416 840
2025,Charo Bravo,Programacion,2,3,22.0,Masculino,Jaén,tamara52@example.org,
1717,Venceslás Pozo,Programacion,7,3,22.0,Femenino,Cantabria,ruy14@example.net,+34884 051 373
6096,Noemí Vilalta,Matematicas,7,3,21.0,Femenino,Álava,fferrer@example.net,+34872928622
4139,Paulina Aragonés,Programacion,6,5,25.0,Femenino,Alicante,marinomurillo@example.com,+34 951357902
2897,Estrella Rodrigo,Fisica,4,4,19.0,Masculino,Guadalajara,octaviojulia@example.net,+34747 145 195
7545,Calista Blanca,Matematicas,8,5,19.0,Femenino,Teruel,jgaliano@example.com,+34 922 637 330
1026,Berto Barrera,Fisica,4,3,24.0,Masculino,Zamora,mendizabalaranzazu@example.net,+34884974623
5621,Íngrid Santamaría,Fisica,6,4,20.0,Masculino,Huesca,romannydia@example.net,+34 980966561
9760,Nicodemo Iglesias,Matematicas,6,4,25.0,Masculino,Segovia,angelita47@example.org,+34 943 796 004
9250,Arturo Leon,Matematicas,7,4,18.0,Masculino,,czorrilla@example.com,+34873 177 914
7364,Julia Pareja,Programacion,6,3,19.0,Masculino,Málaga,mquerol@example.com,+34 848 059 780
9583,Susanita Dalmau,Matematicas,7,6,19.0,Femenino,Las Palmas,bfigueras@example.org,+34 986 368 177
7417,Febe Moliner,Fisica,0,0,25.0,Masculino,Ciudad,adriana21@example.com,+34 820448000
7852,Teresa Ledesma,Programacion,5,5,21.0,Femenino,Burgos,cristian23@example.com,+34 886 82 09 78
6675,Belén Bonet,Matematicas,6,3,23.0,Masculino,Zaragoza,ruanoconrado@example.org,+34876548777
7269,Máximo Leal,Fisica,5,5,25.0,,,juliaorozco@example.net,+34 941 29 55 59
2372,Luciana Bermúdez,Matematicas,1,0,19.0,Masculino,Álava,lborrell@example.org,+34 915 70 17 56
4577,Rosalva Perea,Programacion,4,3,22.0,Femenino,La Coruña,maria-angelesbaron@example.com,+34924 52 51 32
9008,Fernando Varela,Fisica,7,5,19.0,Masculino,Lleida,almudena65@example.org,+34878 233 817
4770,Alba Salgado,Matematicas,2,3,19.0,Masculino,,olegario38@example.org,+34 888 026 811
8963,Édgar Poza,Programacion,6,4,18.0,Femenino,Almería,mayomaria-teresa@example.net,+34948164801
1903,Rosalva Urrutia,Matematicas,6,3,22.0,Femenino,La Rioja,andresefrain@example.org,+34825 22 85 75
3741,Filomena Alberdi,Programacion,8,6,20.0,Femenino,Lleida,rfuentes@example.net,+34827 030 547
4707,Ildefonso Bueno,Fisica,5,3,22.0,Masculino,Navarra,,+34 800 205 380
5811,Cristian Tamarit,Fisica,3,1,25.0,Masculino,Cáceres,espanaodalys@example.com,
2117,Remedios Roselló,Matematicas,6,3,20.0,Masculino,Tarragona,lidia59@example.net,+34 975667900
5529,Chus Roda,Fisica,4,6,18.0,Femenino,Castellón,amandapena@example.com,+34 971 22 75 35
5573,Marcelino Alberto,Matematicas,7,2,18.0,Masculino,Las Palmas,soleragilberto@example.com,+34983 32 42 18
3935,María Cristina Larrea,Matematicas,8,5,23.0,Femenino,Vizcaya,gburgos@example.com,+34874868841
7584,Eusebia Gras,Fisica,4,3,23.0,Femenino,Córdoba,candelas89@example.net,+34824 54 74 74
9125,Xiomara Vizcaíno,Matematicas,9,8,21.0,Masculino,Huesca,cesar02@example.org,+34 806 80 29 15
9343,Consuela Diéguez,Matematicas,7,4,18.0,Masculino,Cádiz,psotelo@example.com,+34 988 45 67 63
3745,Nereida Paredes,Fisica,6,4,19.0,Masculino,Zamora,gustavo82@example.com,+34 845 84 85 97
6769,Carmela Lumbreras,Programacion,3,4,25.0,Femenino,Huesca,panchosaenz@example.org,+34821 58 88 76
3688,Serafina Losa,Matematicas,10,5,24.0,Femenino,Cáceres,sandalionebot@example.net,+34945 416 181
1403,Sancho Tapia,Matematicas,10,8,22.0,Femenino,Barcelona,ssalamanca@example.org,+34 915 496 498
4122,Alberto Villegas,Matematicas,10,7,20.0,Femenino,Lugo,bgalan@example.com,+34 872 14 23 55
4486,Mariana Pardo,Fisica,5,4,22.0,Masculino,La Coruña,cruzmenendez@example.org,+34888684129
4621,Rufina Benítez,Programacion,7,3,22.0,Femenino,León,,+34 847 85 36 59
7072,Sofía Boix,Fisica,10,8,22.0,Masculino,Huesca,carrascofernando@example.net,+34806514692
2918,Herminia Botella,Fisica,8,5,22.0,Femenino,,luispazos@example.com,+34 886 04 28 57
5073,Raquel Expósito,Fisica,0,0,22.0,Masculino,Álava,jose-mari41@example.net,+34806 175 401
9144,Eva María Montoya,Programacion,7,3,25.0,Femenino,La Coruña,pinoalbino@example.com,+34975918911
6594,Jacinto Lluch,Fisica,8,5,23.0,Femenino,Ávila,maxi85@example.org,+34883 428 310
5541,Agustín Mercader,Fisica,8,4,,Masculino,Sevilla,gualsabas@example.net,+34 928 520 934
1966,Lisandro Piñeiro,Fisica,1,0,18.0,Masculino,Zaragoza,xelias@example.org,+34923 60 57 46
4275,Paloma Bernad,Programacion,4,3,23.0,Masculino,Badajoz,valcarcelcalixta@example.org,+34986396477
4103,Íngrid Arévalo,Programacion,8,3,22.0,Masculino,Asturias,maria-belen09@example.org,+34841 73 92 52
5767,Haroldo Roselló,Programacion,3,3,22.0,Femenino,Ourense,sanchomascaro@example.net,+34 986 47 56 32
5180,Duilio Luján,Programacion,10,8,20.0,Femenino,Zamora,sofia80@example.org,+34943942396
5186,Dan Ayala,Fisica,7,3,22.0,Femenino,Pontevedra,mquerol@example.net,
1757,Raimundo Dávila,Programacion,5,3,25.0,Femenino,Melilla,dmir@example.org,+34926432162
3226,Georgina Gascón,Matematicas,8,5,24.0,Masculino,Lugo,adalbertocarranza@example.com,+34 821 852 783
2610,Beatriz Oliva,Fisica,5,4,25.0,Femenino,Madrid,ocasanova@example.com,+34 731 17 32 35
7724,María Teresa Tello,Matematicas,7,4,22.0,Femenino,Lleida,roquehernandez@example.net,+34880457023
5223,Cruz Huerta,Programacion,7,7,23.0,Femenino,Castellón,mmanzano@example.net,+34 882 59 11 90
1013,Abril Castelló,Matematicas,8,4,25.0,Femenino,Navarra,diezsol@example.net,+34747 007 521
9678,Martina Quevedo,Fisica,5,3,22.0,Femenino,Murcia,lupitacornejo@example.org,+34 921 24 08 23
4467,Nydia Soto,Fisica,4,3,25.0,Femenino,Asturias,rodrigocampo@example.org,+34988 90 09 10
1359,Pepita Rincón,Fisica,6,3,19.0,Masculino,León,lorenza23@example.org,+34 803 869 802
5427,Florinda Priego,Matematicas,4,3,23.0,Masculino,Guadalajara,dprado@example.net,
7128,Javiera Toro,Fisica,3,3,19.0,Femenino,Zamora,xcalderon@example.net,+34925536205
6202,Candela Solé,Fisica,3,3,19.0,Masculino,La Rioja,jesusa56@example.com,+34825 28 49 91
3739,Omar Tejero,Matematicas,4,1,22.0,Masculino,Castellón,severinolloret@example.org,+34 923778676
7306,Fabián Escrivá,Programacion,7,5,18.0,Masculino,Álava,odalisvalverde@example.net,+34 885 227 207
7074,Adelaida Blanch,Fisica,10,8,19.0,Masculino,Guadalajara,jguzman@example.com,+34 842 98 64 08
1080,Calista Barberá,Programacion,9,5,21.0,Femenino,Navarra,ocanaruben@example.org,+34 873 67 56 82
1540,Macario Arellano,Programacion,3,3,19.0,Masculino,Toledo,andresinmaculada@example.org,+34 821 094 914
9428,Olalla Esparza,Fisica,5,4,20.0,Femenino,Zamora,aliciapont@example.net,+34926434672
4422,Macaria Ibarra,Matematicas,4,3,18.0,Masculino,Murcia,franciscocloe@example.org,
1101,Hernando Mosquera,Programacion,2,0,24.0,Femenino,Lugo,uisern@example.org,+34875367674
6819,Esmeralda Batalla,Matematicas,9,7,25.0,Femenino,Las Palmas,rsilva@example.net,+34883 19 26 83
9158,Duilio Valero,Fisica,7,5,23.0,Masculino,Álava,celestina47@example.org,+34 958 593 028
6113,Flor Mendoza,Fisica,7,5,20.0,Masculino,Alicante,mmarques@example.net,+34975 971 241
4346,Donato Miralles,Fisica,2,0,20.0,Femenino,Toledo,rodolfo16@example.net,+34 740 51 67 33
7668,Ulises Querol,Fisica,4,3,19.0,Femenino,Ávila,xnaranjo@example.org,+34876365859
3945,Marcelo Rico,Fisica,5,4,20.0,Masculino,Huelva,lorena45@example.org,+34 883320772
5618,Cipriano Samper,Fisica,7,5,20.0,Femenino,Granada,lorenaolive@example.com,+34 883577794
1784,Juan José Manso,Matematicas,4,3,18.0,Femenino,Lleida,jrubio@example.net,+34 806134127
3684,Yaiza Esteban,Fisica,0,0,19.0,Femenino,Sevilla,alonsolucas@example.net,
4846,Florentino Aranda,Programacion,5,3,18.0,Femenino,Toledo,zcarrillo@example.net,+34927151239
7656,Mireia Osuna,Programacion,7,5,,Masculino,Soria,quintanaleonor@example.com,+34844223862
7151,Dalila Manuel,Fisica,10,6,19.0,Femenino,Pontevedra,adelia88@example.com,
7211,Marco Moles,Matematicas,1,0,20.0,Femenino,León,flaviomateo@example.com,+34923539409
2851,Augusto Costa,Fisica,6,3,23.0,Masculino,Baleares,piougarte@example.com,+34 881684783
4832,Eloy Miguel,Fisica,8,5,19.0,Femenino,Murcia,torrentmaria-teresa@example.net,+34 973440459
7516,Ximena Barrio,Fisica,8,8,23.0,Masculino,Valladolid,poloharoldo@example.com,+34945799756
7564,Zoraida Andres,Fisica,10,7,19.0,Masculino,Zamora,salvarafa@example.com,+34 953174001
4797,Matías Llorens,Matematicas,3,3,24.0,Masculino,Las Palmas,odalys06@example.org,+34 883 570 523
2782,Juanito Pina,Programacion,4,6,22.0,Masculino,Madrid,lilianaamaya@example.net,+34 925 982 614
4272,Ruth Coloma,Programacion,7,4,24.0,Masculino,Huelva,mgarmendia@example.com,+34 978 131 373
4238,Víctor Abellán,Programacion,2,3,25.0,Femenino,Barcelona,victorinocolomer@example.net,+34 986403131
2962,Jordán Páez,Programacion,8,5,,Masculino,Ciudad,cifuentesanunciacion@example.org,+34 874405115
4041,Teobaldo Arribas,Programacion,4,3,19.0,Femenino,Valencia,demetrio12@example.net,+34 921 26 55 55
8844,Clara Franco,Programacion,8,4,24.0,Masculino,Zamora,gserrano@example.net,+34 854901535
7212,Victoria Rocha,Matematicas,9,5,23.0,Masculino,Salamanca,blanca64@example.net,+34823 28 54 82
9973,Sofía Pera,Fisica,6,5,19.0,Masculino,Vizcaya,riborra@example.net,+34927 80 01 29
1328,Feliciana Velasco,Matematicas,9,8,23.0,Masculino,Navarra,pascualacrespo@example.org,+34974567485
7790,Lupita Sandoval,Matematicas,8,8,24.0,Femenino,Girona,lupetamarit@example.org,+34921 752 039
9802,Jerónimo Rojas,Matematicas,4,3,21.0,Masculino,Valencia,castellotilia@example.com,+34947 585 036
2923,Georgina Farré,Matematicas,5,3,19.0,Femenino,Girona,jvalderrama@example.net,+34 828634438
8696,Baltasar Montesinos,Matematicas,3,2,18.0,Masculino,Córdoba,emperatrizrossello@example.net,
3309,Wilfredo Quiroga,Matematicas,5,3,21.0,Masculino,Zamora,manuvillalobos@example.net,+34 887 11 97 68
4624,Jordán Martinez,Fisica,6,3,23.0,Femenino,Córdoba,beltraneva-maria@example.com,+34 972 379 301
2717,Dafne Armengol,Matematicas,8,5,20.0,Femenino,Zaragoza,acervantes@example.net,+34 924 87 49 57
9470,Adoración Román,Matematicas,6,5,25.0,Femenino,Ourense,psaavedra@example.net,+34 922 397 516
3583,Rosalva Girón,Programacion,3,3,20.0,Masculino,La Rioja,urbanobartolome@example.net,+34985029363
9443,Laura Vega,Programacion,9,5,19.0,Masculino,Cuenca,polorosendo@example.org,+34655 263 757
4962,Leonor Adadia,Fisica,6,5,18.0,Femenino,,ucrespo@example.org,+34803420743
8915,Dan Carrión,Matematicas,3,2,19.0,Femenino,Melilla,waguila@example.net,+34949747158
8110,Damián Merino,Programacion,4,3,20.0,Femenino,Vizcaya,galloirma@example.net,+34821 83 30 90
7534,Sabina Esparza,Matematicas,3,4,19.0,Masculino,Lleida,adoracionbenavent@example.org,+34 887681142
1344,Florina Carretero,Programacion,5,4,19.0,Masculino,Baleares,osvaldo58@example.org,+34875943699
6137,Adelardo Múñiz,Programacion,6,5,25.0,Femenino,Ávila,joelcobo@example.net,+34 981 082 042
4877,Poncio Gimenez,Programacion,7,4,,Femenino,Cantabria,jacinta81@example.net,+34969204267
4530,Bautista Soler,Programacion,8,5,25.0,Femenino,Valladolid,bolanosmarcelino@example.net,+34966 09 67 69
7769,Chus Amo,Matematicas,6,4,,Femenino,Murcia,,+34 924620636
8172,Federico Marí,Fisica,8,5,20.0,Femenino,Vizcaya,jamor@example.org,+34 827 902 499
8775,Aitor Cabo,Programacion,10,8,24.0,Masculino,Málaga,milagrossola@example.net,+34821699365
2663,Herminio Velasco,Programacion,5,3,21.0,Femenino,Cantabria,heriberto20@example.net,+34 923176912
7666,Hilario Muro,Fisica,6,4,25.0,Femenino,Teruel,manu85@example.org,+34806771443
5893,Eligia Rocha,Matematicas,5,3,21.0,Masculino,Las Palmas,ireneestevez@example.org,
6993,Loreto Catalán,Programacion,4,3,18.0,Masculino,,mlozano@example.com,+34824 690 333
2264,Rogelio Amorós,Fisica,9,7,23.0,Femenino,Burgos,nereidaseco@example.com,+34925 417 147
2549,Leocadia Lopez,Matematicas,5,5,24.0,Femenino,Segovia,alcaldefrancisco-jose@example.net,+34 888 656 242
5371,Amalia Arregui,Matematicas,5,3,24.0,Masculino,Córdoba,cordobaamarilis@example.net,+34 941 978 612
1041,Hector Corominas,Matematicas,7,6,23.0,Femenino,Teruel,aroa64@example.com,+34926 264 615
8596,Gloria Fabregat,Matematicas,8,5,,Femenino,Burgos,lrico@example.net,+34 875 389 724
4576,Angelita Gutierrez,Matematicas,6,4,20.0,Femenino,,edgardohigueras@example.org,+34 921 44 65 86
5005,Juan Casado,Programacion,5,3,24.0,,Ávila,grandeagata@example.com,+34 822749587
1676,Gertrudis Calvet,Programacion,9,6,25.0,Masculino,Zamora,joseayala@example.net,
9178,Conrado Palomares,Matematicas,6,3,18.0,Femenino,Ourense,abrilcarpio@example.com,+34 977867864
1303,Dolores Reina,Fisica,3,3,25.0,Masculino,Pontevedra,nydiasarmiento@example.net,+34 822 401 421
3981,Sosimo Solís,Matematicas,6,4,18.0,Femenino,Cuenca,chemamoya@example.net,+34984943995
7956,Jaime Carrillo,Programacion,7,4,,Femenino,Guipúzcoa,kcarrasco@example.org,+34 880486208
6701,Chus Ferrero,Fisica,1,2,21.0,Femenino,Soria,chitacuadrado@example.org,+34 945 45 38 38
9552,Víctor Amo,Programacion,10,8,24.0,Masculino,Lleida,nadalisidoro@example.net,+34 982 668 324
1494,Lisandro Soria,Programacion,2,3,20.0,Femenino,Valencia,wtomas@example.org,+34 823618807
2802,Amarilis Zabaleta,Fisica,6,6,21.0,Masculino,Cuenca,kpinol@example.org,+34 875655562
4589,Pastora Beltran,Matematicas,6,4,19.0,Masculino,Murcia,pugatadeo@example.net,+34 843536252
8063,Anita Núñez,Matematicas,3,3,20.0,Femenino,Huesca,angelina37@example.org,+34 826 607 253
8087,Eleuterio Vilalta,Programacion,6,5,22.0,Masculino,,pinaisidora@example.net,+34883 225 376
8334,Curro Figuerola,Fisica,5,5,18.0,Masculino,Almería,hugovila@example.com,+34 883 646 014
8152,Néstor Cabo,Fisica,9,5,18.0,Femenino,Huelva,tvilalta@example.net,
7238,Jordi Mulet,Programacion,5,3,20.0,Masculino,Salamanca,isaacbueno@example.org,+34 886 663 600
8632,Mónica Sanmiguel,Fisica,8,5,24.0,Femenino,Alicante,qsanmiguel@example.com,+34976 623 004
8445,Paca Alemany,Programacion,7,5,25.0,Masculino,Burgos,jcepeda@example.net,+34 975 48 16 86
6089,Jesusa Santos,Fisica,4,3,,Masculino,Las Palmas,arocamora@example.org,+34985 03 65 81
4127,Jennifer Alcázar,Matematicas,4,4,23.0,Femenino,Huelva,laurahidalgo@example.org,
2354,Hector Esteban,Programacion,6,4,25.0,Femenino,,isa95@example.net,+34 984 64 11 19
1595,Herminia Manzanares,Fisica,2,1,20.0,,Córdoba,,+34 871 046 627
5243,Isa González,Fisica,6,3,25.0,Masculino,Pontevedra,octavio57@example.org,+34922 49 40 10
3835,Teo Bernat,Fisica,10,7,18.0,Masculino,Navarra,alegriaalfredo@example.org,+34 921 995 611
3855,Elisabet Doménech,Programacion,8,4,23.0,Masculino,Albacete,samantabarriga@example.net,+34 857 66 10 54
7055,Valeria Barrios,Fisica,10,8,18.0,,Segovia,abeldalmau@example.net,+34875 46 80 93
1609,Asdrubal Andreu,Fisica,4,3,20.0,Femenino,Santa Cruz de Tenerife,adelardocalvet@example.com,+34 943 088 173
1438,Marcia Enríquez,Fisica,7,7,23.0,Femenino,Cáceres,tmulet@example.org,+34 985132078
7334,Virginia Jódar,Programacion,7,4,19.0,,Las Palmas,aznaresteban@example.net,+34928 93 57 55
7348,Emilio Cueto,Programacion,6,3,24.0,Masculino,Córdoba,imulet@example.net,+34 888 07 93 40
1080,Pepita Villalobos,Matematicas,4,5,21.0,Femenino,Cádiz,adelardoarroyo@example.com,+34 927240068
3558,Edu Carretero,Programacion,9,6,20.0,Femenino,La Rioja,evelia29@example.net,+34 881 78 93 14
5909,Jennifer Puig,Programacion,3,0,24.0,Femenino,Navarra,trinidadperez@example.org,+34 888 641 030
7650,Sebastian Juárez,Programacion,6,4,25.0,,Ourense,xsolis@example.com,+34947 119 863
5789,María Ángeles Carro,Matematicas,6,4,,Masculino,Tarragona,,
1602,Mateo Reyes,Matematicas,1,0,22.0,Femenino,Almería,santosayuso@example.net,+34 824 44 22 71
6522,Nydia Pellicer,Fisica,5,5,18.0,Masculino,Melilla,tenatimoteo@example.com,+34 978 994 278
4206,Dorita Ferrer,Programacion,8,5,18.0,Masculino,La Rioja,puertaoriana@example.com,
9824,Carla Boada,Fisica,10,8,20.0,Masculino,Lleida,sigfridocortes@example.net,+34 826872884
6250,María Carmen Blazquez,Fisica,6,4,24.0,Masculino,Zaragoza,felicianoescriva@example.org,+34963039879
4226,Nacio Bas,Fisica,9,4,22.0,Masculino,Albacete,ttrillo@example.org,+34874 680 396
7382,Natanael Castro,Programacion,4,1,20.0,Masculino,Ourense,eloisafabregat@example.com,+34 702789597
3779,Rosalva Clavero,Programacion,10,7,21.0,Masculino,Toledo,,+34 878 17 72 19
3622,Victor Manuel Valbuena,Matematicas,2,0,20.0,Femenino,Valencia,,+34841 656 332
4129,Martina Bustos,Matematicas,7,3,18.0,Femenino,Las Palmas,dpalomo@example.org,+34 825856446
3341,Marco Bolaños,Fisica,5,0,18.0,Femenino,Sevilla,rosalvaprada@example.com,+34980 767 646
6037,Abigaíl Lobo,Fisica,7,4,24.0,Masculino,Murcia,artigaseugenia@example.org,+34 933 099 643
4477,Ezequiel Cuervo,Programacion,6,3,23.0,Masculino,Teruel,hribera@example.net,+34 981 540 393
1107,Patricia Coello,Matematicas,3,4,24.0,Masculino,Guipúzcoa,angel27@example.org,+34886513964
9696,Aureliano Solsona,Fisica,7,5,,Masculino,Girona,quintanillaapolinar@example.org,+34 861 524 597
5933,Samu Zaragoza,Fisica,5,3,21.0,Masculino,Huelva,gpeiro@example.com,+34 928325077
6113,Maribel Pou,Matematicas,5,3,25.0,Masculino,Valencia,isaias27@example.org,+34973 47 34 98
6145,Ale Vilaplana,Programacion,8,5,23.0,Masculino,Pontevedra,salomonmarco@example.org,+34819 97 72 19
1268,Laura Ferrando,Fisica,0,1,23.0,Masculino,Alicante,loreto95@example.com,+34 922 305 335
3886,Mario Manuel,Programacion,8,7,23.0,Masculino,Sevilla,,+34 871 094 762
9957,Elpidio Trujillo,Fisica,5,3,19.0,Masculino,La Coruña,maria-del-carmenromero@example.com,+34871 63 45 68
1073,Cecilia Lucas,Programacion,6,5,25.0,Femenino,Segovia,benitobernardo@example.org,+34 867 48 73 41
7728,Micaela Ayuso,Fisica,5,5,21.0,Femenino,Albacete,umacias@example.net,+34 947 167 711
5570,Baudelio Roda,Fisica,6,3,24.0,Masculino,Las Palmas,cabanillasgeorgina@example.net,+34 869326320
6264,Judith Tur,Fisica,7,5,18.0,Masculino,Soria,leandroverdugo@example.net,+34874 221 293
2375,Mauricio Franch,Programacion,4,3,23.0,Femenino,Santa Cruz de Tenerife,,+34 807 22 88 36
9030,Berto Calderón,Matematicas,4,2,23.0,Masculino,Lugo,aliagaamarilis@example.com,+34 876 61 94 05
5862,Roque Barrios,Programacion,7,4,23.0,Femenino,Segovia,canetmarisela@example.com,+34 859 673 453
4301,Rosalía Cal,Programacion,5,3,,Femenino,Ciudad,xcerdan@example.com,+34807 376 629
3342,Fabiana Ribera,Programacion,9,6,18.0,Femenino,Cáceres,sofia21@example.org,+34741 189 085
2200,Nereida Milla,Fisica,7,5,19.0,Masculino,Baleares,nildacastello@example.net,+34 888 120 683
2724,Jordi Miró,Fisica,1,0,19.0,Femenino,Castellón,sfonseca@example.net,+34853 905 347
1518,Curro Cabo,Programacion,3,3,20.0,Femenino,Baleares,hbustos@example.org,+34 861578601
1631,Ámbar Lozano,Programacion,5,3,23.0,Femenino,Valencia,gvazquez@example.org,+34 847269979
9705,Juan Carlos Cases,Fisica,7,5,22.0,Masculino,Huelva,sansclaudio@example.net,+34 844 36 43 50
2301,Felipa Pizarro,Matematicas,6,3,18.0,Femenino,Sevilla,wvalles@example.com,+34 923 77 49 74
1814,Darío Carvajal,Fisica,9,7,19.0,Masculino,Cuenca,toledoanselmo@example.org,+34 927 670 024
4236,Rosendo Zabaleta,Fisica,6,3,24.0,Femenino,Segovia,cleto17@example.net,
2684,Isaura Garzón,Programacion,6,5,22.0,Masculino,Zamora,bibiana87@example.net,+34 820597252
8399,Belén Mayol,Programacion,6,5,24.0,Masculino,Cuenca,carrobrunilda@example.net,+34874193161
6666,Eva María Isern,Fisica,10,8,22.0,Femenino,Asturias,rosa-mariamoraleda@example.org,+34849559328
2950,Ángela Pastor,Programacion,5,5,25.0,Femenino,Melilla,blanchsofia@example.org,+34 888791629
3788,Macario Sierra,Fisica,7,4,18.0,Masculino,Segovia,rosellazeneth@example.com,+34878 97 28 74
2609,Perlita Fernandez,Matematicas,8,5,19.0,Masculino,Alicante,casemiro95@example.org,+34947 643 944
6684,Vilma Cabrero,Programacion,3,1,22.0,Femenino,Madrid,aurea00@example.org,+34744011361
1919,Lucho Córdoba,Matematicas,8,5,19.0,Femenino,Alicante,ileanaaller@example.net,+34974 525 384
9106,Fidel Jove,Fisica,8,3,22.0,Masculino,Sevilla,vpombo@example.org,+34 827 14 32 24
1653,Adoración Conde,Matematicas,6,5,,Femenino,Tarragona,,+34 871063279
1504,Vasco Segarra,Programacion,2,3,18.0,Femenino,Baleares,efrainfabregas@example.net,+34987 89 37 24
1367,Isabel Cepeda,Matematicas,3,1,19.0,,Alicante,vitoangulo@example.org,+34 972 809 414
9969,Valentina Trillo,Programacion,10,8,25.0,Femenino,Toledo,zmolina@example.net,+34 881 92 62 77
4227,Lina Izaguirre,Matematicas,6,5,,Femenino,Zaragoza,serafinarosales@example.com,+34828 686 815
1997,Laura Llobet,Programacion,2,1,21.0,Masculino,Valencia,,
6958,Rosario Vazquez,Fisica,6,5,18.0,Masculino,Ceuta,garciabasilio@example.com,+34 815135158
5693,Lourdes Hervia,Matematicas,9,7,24.0,Femenino,Lugo,felipe52@example.org,+34 977749970
6123,Cristian Morcillo,Matematicas,6,5,20.0,Femenino,Navarra,ocarretero@example.net,+34886077422
4818,Vilma Amor,Matematicas,9,3,18.0,Masculino,Castellón,fabiodiez@example.org,+34949 106 553
7222,Elpidio Paredes,Programacion,6,5,19.0,Femenino,Santa Cruz de Tenerife,rinconluis-angel@example.net,+34814 910 714
5819,José Manuel Lerma,Matematicas,4,3,24.0,Masculino,Lleida,ibanguardia@example.net,+34 984 30 49 36
6402,Matías Iniesta,Matematicas,4,5,23.0,Femenino,León,liliana39@example.org,+34977370800
7911,Maristela Lluch,Programacion,10,8,22.0,Masculino,Palencia,aznartomasa@example.com,+34 871 38 83 50
5176,Viviana Carlos,Programacion,0,1,24.0,Masculino,Ourense,villalobosmaximiano@example.com,+34979209897
2588,Benito Villegas,Matematicas,7,6,21.0,Masculino,Pontevedra,lisandro92@example.com,+34935 83 11 87
6009,Marcos Nieto,Matematicas,7,5,19.0,Masculino,Ceuta,maritalucas@example.org,+34826284727
7538,Feliciana Ramos,Programacion,5,4,19.0,Masculino,Tarragona,lorenza30@example.org,+34988 80 65 72
9185,Xiomara Amo,Matematicas,9,4,24.0,Masculino,Teruel,eligio56@example.com,+34973 23 63 50
6308,Eli Baños,Matematicas,4,1,22.0,Masculino,Madrid,mohamed18@example.org,+34 844 15 45 86
1969,Fátima Puig,Fisica,7,3,22.0,Femenino,Toledo,sierraazucena@example.net,
2663,Gil Ayllón,Fisica,5,4,25.0,Femenino,León,yessicaamoros@example.net,+34942 66 91 87
4226,Soledad Bermejo,Matematicas,7,3,20.0,Femenino,Lugo,tlasa@example.com,+34842498027
1563,Aitana Colomer,Fisica,7,4,19.0,Masculino,Ourense,ciriaco06@example.com,+34826 97 60 22
9527,Teodoro Manjón,Fisica,10,8,24.0,Femenino,Guipúzcoa,lobatomaria@example.net,+34852 232 145
3331,Ani Iglesias,Programacion,4,0,21.0,Femenino,Lleida,micaelapelaez@example.com,+34913 924 651
4430,Flora Jordán,Matematicas,5,4,20.0,Masculino,Jaén,galvannereida@example.org,+34982 163 758
8893,Renata Castellanos,Matematicas,6,5,20.0,Masculino,La Coruña,cintiagranados@example.net,+34 841 68 02 81
3289,Hugo Vigil,Fisica,6,3,21.0,Masculino,Valladolid,xgomis@example.com,+34901 92 53 58
4863,Begoña Rosales,Fisica,1,3,22.0,Femenino,Cuenca,bellosantiago@example.com,+34 821 90 67 30
6100,Olegario Cánovas,Matematicas,10,8,22.0,Femenino,,fabiola93@example.net,+34 803 227 109
8531,Graciela Acevedo,Programacion,3,0,19.0,Femenino,Madrid,carmina52@example.net,+34 945 03 29 26
7763,Noa Aramburu,Matematicas,6,4,20.0,Femenino,Girona,molineramando@example.org,+34 712 48 11 82
2558,Carlota Artigas,Programacion,6,4,,Masculino,Murcia,beltranleyre@example.com,+34873012995
2372,María Ángeles Salvà,Matematicas,5,5,21.0,Masculino,Albacete,sainzjoaquina@example.net,+34942 721 893
5078,Marco Borrás,Matematicas,6,5,24.0,Femenino,Salamanca,bsancho@example.com,
8211,Cecilio Villegas,Programacion,7,3,24.0,Masculino,,amorfabio@example.com,+34876 92 78 65
1909,Constanza Delgado,Programacion,7,3,25.0,Femenino,Salamanca,colomdulce@example.net,+34885 783 036
2229,Omar Martinez,Programacion,10,5,21.0,,Navarra,santiago21@example.org,+34978 590 431
8592,Anunciación Bayona,Programacion,4,2,,Femenino,Ceuta,mariselalluch@example.org,+34 974291937
7781,Sigfrido Jaén,Programacion,5,4,18.0,Femenino,Álava,maria-jesusfernandez@example.com,+34986 855 538
9670,Josefina Córdoba,Programacion,4,3,18.0,Masculino,Zamora,cabrerapaulino@example.net,+34828 631 861
6572,Victor Manuel Cantero,Programacion,5,5,19.0,Femenino,Zamora,vinanazaret@example.org,+34 941 958 585
9944,Gertrudis Cañas,Fisica,9,7,23.0,Femenino,Zaragoza,kvalles@example.org,+34 743 956 091
6250,Amanda Ibáñez,Matematicas,8,5,25.0,Femenino,Teruel,morenojose-miguel@example.net,+34948 357 477
1027,Asdrubal Conde,Programacion,6,4,20.0,Femenino,La Coruña,,+34842 42 48 53
1392,Mariana Ávila,Fisica,7,3,23.0,Femenino,Álava,sanchezjoaquina@example.org,+34849684244
4819,Agustín Trujillo,Matematicas,7,5,20.0,Femenino,Álava,maria-joselloret@example.com,+34 927 88 58 08
6327,Remigio Flor,Matematicas,4,3,18.0,Masculino,Teruel,vigilelisabet@example.org,+34 981 02 20 95
6683,Estefanía Macias,Matematicas,8,7,22.0,Femenino,Teruel,dmadrigal@example.org,+34 832 379 591
1215,Fabiola Delgado,Fisica,4,4,18.0,Masculino,Lugo,zpalmer@example.net,+34881194686
4230,Leandro Herranz,Fisica,4,4,23.0,Masculino,Córdoba,kballester@example.com,+34 942 930 148
8922,Alejandro Bonet,Matematicas,3,3,20.0,Femenino,La Coruña,jaumecruz@example.org,+34 942 37 63 60
6729,Clotilde Mesa,Fisica,8,4,23.0,Femenino,Albacete,losajosep@example.com,+34 887649813
5980,Amaya Barrena,Fisica,6,3,21.0,Femenino,,marconoriega@example.org,+34845 36 86 45
5746,José Manuel Farré,Programacion,9,5,20.0,Masculino,Albacete,obenavides@example.com,+34944 73 67 48
9255,Amancio Manrique,Fisica,3,3,25.0,Femenino,Ourense,roxanajover@example.com,+34 972479170
4556,Dimas Salas,Matematicas,3,4,19.0,Femenino,Cuenca,marco62@example.org,+34 843 87 80 14
3248,Lucho Gelabert,Matematicas,5,4,18.0,Femenino,Álava,tudelanarcisa@example.net,+34 925 038 565
5215,Dalila Delgado,Fisica,3,1,19.0,Masculino,,fabiolabadia@example.org,+34 986 432 707
3362,Hilda Morell,Fisica,8,5,18.0,,Cuenca,yesica80@example.net,+34935119322
4469,Camila Juan,Matematicas,7,3,24.0,Masculino,Cádiz,kbalaguer@example.com,+34719878061
8692,María Cristina Sobrino,Matematicas,9,7,18.0,Femenino,Badajoz,teresa47@example.com,+34 982890872
3638,Jose Francisco Téllez,Fisica,8,3,19.0,,Toledo,lolamulet@example.org,+34827860186
7504,Marina Valverde,Fisica,3,1,24.0,Femenino,Albacete,marcelino09@example.net,+34 832278256
1077,Jerónimo Alcalde,Programacion,4,3,19.0,Masculino,Navarra,ccobos@example.net,+34974 823 607
8817,Cirino Reguera,Matematicas,7,8,21.0,Masculino,Huelva,,+34820298974
5796,Hermenegildo Caparrós,Fisica,4,3,23.0,Femenino,Melilla,valentina21@example.com,+34 822 26 68 48
1588,Hernán Catalán,Fisica,10,8,19.0,Femenino,Valencia,,+34846 409 285
7799,Armando Blasco,Fisica,7,6,22.0,Masculino,,oscar47@example.net,+34973006720
5768,Rodolfo Esparza,Matematicas,8,5,20.0,Masculino,Cantabria,hectorpatino@example.net,
9684,Natalio Canales,Programacion,10,6,,Masculino,Ceuta,alvaradojeremias@example.com,+34843 20 87 15
6374,Elpidio Pazos,Fisica,1,3,21.0,Femenino,Castellón,aitorvidal@example.net,+34746 043 974
6106,María Ávila,Programacion,6,3,18.0,Masculino,Navarra,cardenasvictor@example.org,+34971859435
7515,Felipa Pozo,Matematicas,7,8,23.0,Femenino,Valencia,nvalderrama@example.net,+34922349770
3319,Baldomero Murcia,Programacion,4,1,24.0,Femenino,Ourense,yolanda30@example.com,+34 962 72 88 98
5885,Alfonso Gimeno,Programacion,10,6,22.0,Masculino,Huelva,carmencuevas@example.org,+34 855 97 54 43
3198,Moisés Valencia,Programacion,8,6,19.0,Femenino,Córdoba,alsinaasdrubal@example.net,+34872559747
1762,Kike Blasco,Matematicas,3,3,19.0,Masculino,Tarragona,polherberto@example.org,+34986 703 641
2883,Anacleto Burgos,Matematicas,2,1,,Masculino,,albert81@example.com,+34843 03 94 25
1859,Cipriano Haro,Fisica,10,8,20.0,Masculino,Teruel,armidaibanez@example.org,+34 985 23 35 74
9291,Tamara Guillen,Fisica,5,3,25.0,Masculino,Huesca,caballerosabas@example.com,+34 861 52 12 64
7558,Vilma Sebastián,Fisica,5,3,,Masculino,Badajoz,genovevauria@example.com,+34 900 832 414
6876,Carmina Llorente,Programacion,5,3,25.0,Masculino,Guadalajara,zgomis@example.com,+34884 776 418
6878,Feliciano Bárcena,Programacion,10,8,24.0,Masculino,Ciudad,,+34927 781 776
1886,Narcisa Mármol,Programacion,5,5,,Femenino,Baleares,hpalmer@example.net,+34901 291 932
6520,Venceslás Hernández,Matematicas,5,3,25.0,Femenino,Valencia,fcollado@example.com,+34 941 293 288
2355,Pablo Pelayo,Fisica,10,6,18.0,Femenino,Navarra,castejonester@example.net,
7457,Jacinto Iborra,Matematicas,4,3,23.0,Femenino,Salamanca,,+34982921373
8866,Daniela Farré,Programacion,5,4,22.0,Femenino,Alicante,benitaiborra@example.org,+34973 010 857
1968,Cipriano Lobo,Fisica,10,7,25.0,Femenino,Santa Cruz de Tenerife,wsanchez@example.net,+34 869 93 64 72
1232,Coral Giménez,Matematicas,5,7,23.0,Femenino,Las Palmas,cesarmerino@example.com,+34 901172804
8954,Trinidad Torre,Fisica,6,2,25.0,Femenino,Barcelona,ullorente@example.com,+34 841732383
4372,Javiera Huertas,Fisica,4,3,21.0,Femenino,Vizcaya,amor19@example.com,+34 974 472 902
4298,Íngrid Heras,Fisica,6,4,22.0,Femenino,Valladolid,eiriarte@example.net,+34859514489
8858,Adriana Almazán,Programacion,4,2,24.0,Femenino,Valencia,montananacho@example.org,+34 874 172 766
1043,Rita Ibáñez,Programacion,10,8,24.0,Femenino,Huelva,teofilo63@example.org,+34849 511 601
9769,Alfonso Tudela,Fisica,10,8,22.0,Masculino,Málaga,,+34 966 56 19 97
3169,Dorotea Correa,Programacion,4,3,18.0,Masculino,Tarragona,vbelmonte@example.net,+34822058573
4244,Román Escudero,Matematicas,8,4,24.0,Masculino,Barcelona,yzabaleta@example.net,+34843623945
3825,Catalina Madrid,Matematicas,0,0,24.0,Femenino,Pontevedra,lmarin@example.org,+34 982 29 62 68
1515,Matías Pomares,Matematicas,8,6,18.0,Femenino,Valladolid,inocencio73@example.net,+34 886 783 772
6154,Eugenio Roma,Programacion,8,8,20.0,Femenino,Granada,marinefrain@example.net,
4550,Julieta Anglada,Fisica,6,5,18.0,Femenino,Cantabria,adaneutimio@example.org,+34941 22 48 08
7657,Raquel Mayol,Matematicas,9,4,18.0,Masculino,Guadalajara,wfalcon@example.com,+34876 477 869
6414,Visitación Espinosa,Matematicas,6,4,18.0,Masculino,Cantabria,diezsaturnina@example.com,
7096,Ovidio Palomo,Programacion,10,8,22.0,Masculino,Jaén,toni59@example.net,+34886 031 598
3910,Clotilde Nicolau,Programacion,2,3,22.0,Masculino,Málaga,dledesma@example.net,+34 888002190
9333,Lázaro Narváez,Programacion,4,3,18.0,Femenino,Cádiz,mirtapaez@example.com,+34 949 88 56 91
6974,Joan Marquez,Fisica,3,1,19.0,,Álava,etelvina85@example.net,+34987 676 865
9997,Ruperta Nicolás,Fisica,7,4,18.0,Femenino,Cáceres,pascualhernan@example.org,+34 848 994 279
4418,Lázaro Borja,Programacion,10,7,18.0,Masculino,Las Palmas,maximo46@example.net,+34 722 86 57 07
9274,Olalla Coca,Matematicas,7,5,23.0,Masculino,Huesca,ortegadaniel@example.com,+34 719 218 259
5054,Octavio Mendizábal,Programacion,10,8,20.0,Femenino,Palencia,,+34 710 437 396
5614,Pío Bernad,Matematicas,5,2,18.0,Femenino,,estefaniavalera@example.com,+34871 383 009
8595,Eduardo Jaén,Programacion,2,3,18.0,Femenino,Ávila,chita76@example.com,+34837 570 790
3561,Quirino Ureña,Fisica,5,3,23.0,Femenino,Asturias,pintoarmando@example.org,+34 873 40 03 65
4529,Elvira Calvet,Matematicas,4,1,20.0,Masculino,Granada,lisandro48@example.org,+34957 87 53 59
5272,Rosenda Amat,Fisica,6,3,18.0,Femenino,Vizcaya,faustoblazquez@example.net,+34 922 39 82 85
7991,Pedro Alba,Matematicas,5,4,18.0,Masculino,Barcelona,guadalupegarrido@example.com,+34827 359 894
9446,Natividad Murcia,Matematicas,5,4,21.0,Masculino,Huesca,jorge18@example.net,+34846 96 85 82
6531,Juan Luis Castellanos,Programacion,3,3,23.0,Femenino,Tarragona,valentina40@example.org,+34 941 810 112
1931,Ale Rosselló,Matematicas,7,5,24.0,Femenino,Badajoz,mauricio94@example.com,+34980266974
9205,Yésica Corbacho,Programacion,7,3,,Masculino,Málaga,timoteomenendez@example.net,+34911 08 46 84
5533,Manola Heras,Fisica,6,7,20.0,Femenino,Badajoz,xtormo@example.org,+34 980 789 759
8494,Zaida Carnero,Programacion,4,3,21.0,Femenino,Cádiz,tudelamarisela@example.net,
9970,Verónica Gómez,Fisica,0,0,20.0,Masculino,Salamanca,pio22@example.org,+34 938 22 79 90
5217,Sabina Rosell,Fisica,7,4,23.0,Masculino,,nmacias@example.com,+34988111890
2323,José Ángel Ariño,Programacion,8,7,19.0,Femenino,Baleares,virginia64@example.org,+34826 470 812
5264,Elodia Casas,Matematicas,6,5,22.0,Femenino,Ourense,dferrando@example.org,+34821 981 087
2268,Feliciano Aragonés,Fisica,2,0,22.0,Masculino,Córdoba,rufinapaniagua@example.net,
5879,Patricia Calzada,Matematicas,7,4,23.0,Femenino,Albacete,sguijarro@example.net,+34986163124
9192,Irma Zorrilla,Fisica,5,4,20.0,Masculino,Valladolid,aureliano15@example.com,+34928 19 46 50
6411,Odalis Hernandez,Fisica,1,4,22.0,Femenino,Sevilla,timoteojordan@example.org,+34883473265
6729,Dimas Arteaga,Fisica,6,3,18.0,Femenino,Palencia,atome@example.com,+34 842638856
4470,Ruperto Carbó,Programacion,8,5,24.0,Femenino,Madrid,galvezambrosio@example.org,+34901 17 31 44
2798,Rosaura Higueras,Programacion,7,5,18.0,Femenino,La Coruña,qpavon@example.org,+34738899678
9792,Felipe Correa,Fisica,3,3,19.0,Masculino,Cáceres,iriartemaria-carmen@example.com,+34921 058 554
6123,Noa Vall,Programacion,9,6,25.0,Masculino,Albacete,perla45@example.com,
2348,Maricruz Ledesma,Programacion,4,1,21.0,Masculino,Teruel,ismaelcastello@example.org,+34 872 65 94 88
2125,Diana Rivera,Fisica,6,5,23.0,Femenino,La Rioja,pgalindo@example.com,
8007,Renato Torrijos,Fisica,6,4,22.0,,Tarragona,jose-mariaalmansa@example.org,+34 928 96 74 51
2947,Jose Miguel Font,Programacion,6,5,19.0,Masculino,Málaga,oliverasemigdio@example.org,+34876102529
5722,Oriana Calvet,Programacion,3,1,,Masculino,Badajoz,aledaza@example.net,+34 942132857
7723,Plinio Millán,Fisica,5,5,18.0,Femenino,Ceuta,costamelisa@example.net,+34 872 916 080
8970,Consuela Bravo,Programacion,8,5,19.0,Femenino,,amadogonzalo@example.org,+34984 43 26 85
9617,Maricruz Pomares,Fisica,6,5,23.0,Masculino,Badajoz,lupe69@example.org,+34 944581754
5877,Elba Gomila,Matematicas,6,4,19.0,Femenino,,,+34941 520 401
9063,Albino Porcel,Fisica,0,0,21.0,Femenino,Baleares,eduantunez@example.org,+34 675 969 682
1362,Sandra Márquez,Fisica,6,5,25.0,Masculino,Lleida,jafetvargas@example.com,+34972 829 785
7824,Mauricio Bautista,Fisica,7,5,18.0,Masculino,Las Palmas,bbenavides@example.com,+34 976 737 969
8661,Glauco Hernandez,Matematicas,3,3,19.0,Masculino,Ourense,abarral@example.com,
7950,Jenny Alfaro,Fisica,6,4,24.0,Femenino,Barcelona,cocaevelia@example.org,+34888 242 737
5419,Rómulo Busquets,Fisica,1,0,,Femenino,Almería,hortensia23@example.org,+34947 454 535
5751,Matilde Berrocal,Fisica,5,6,18.0,Femenino,Santa Cruz de Tenerife,magdalena77@example.net,+34 981 80 48 93
8652,José María Gil,Matematicas,3,3,25.0,Femenino,La Coruña,quique48@example.com,+34884 67 48 75
1746,Eligio Carro,Matematicas,6,3,20.0,Masculino,La Coruña,federico63@example.com,+34 876 729 602
4762,Luciano Ramirez,Programacion,7,4,20.0,Masculino,Málaga,fontrosa-maria@example.org,+34800 56 38 96
7188,Milagros Garmendia,Matematicas,6,4,21.0,Masculino,Ciudad,barriolara@example.net,+34 949868024
9532,Nereida Lorenzo,Fisica,7,4,18.0,Masculino,Málaga,segarraignacia@example.org,+34936 08 36 81
1564,Soledad Castelló,Fisica,9,7,25.0,Masculino,Burgos,felicianadiez@example.net,+34822 577 840
2945,Ester Mendez,Programacion,5,3,20.0,Masculino,Cuenca,xgarmendia@example.com,+34 937 24 10 44
5268,Dolores Torrent,Programacion,5,1,25.0,Masculino,Madrid,hporcel@example.com,
5177,Cornelio Valdés,Fisica,5,5,23.0,Masculino,Pontevedra,cayetanoblasco@example.org,+34 901748697
9837,Primitiva Salazar,Programacion,8,5,23.0,Femenino,Córdoba,macarenaalberto@example.com,+34 849435922
1711,Nerea Cantero,Matematicas,3,2,22.0,Masculino,Navarra,jarnal@example.org,+34 825060700
6956,Quique Barrena,Fisica,7,5,18.0,Masculino,Palencia,eusebio63@example.net,+34843 735 836
8775,Adelina Burgos,Fisica,6,4,25.0,,Girona,enriquezvaleria@example.net,+34920 968 930
1106,Beatriz Hoz,Matematicas,6,5,19.0,Femenino,Cáceres,mayomiguel-angel@example.com,+34 945 567 161
1754,Rubén Pont,Fisica,6,6,18.0,Masculino,Málaga,visitacioncarbonell@example.net,+34884215021
2627,Malena Mesa,Fisica,6,4,19.0,Masculino,Ciudad,africasanmiguel@example.org,+34876 712 319
8659,Leonor Iborra,Matematicas,9,4,21.0,Femenino,Baleares,vicentaarmengol@example.net,+34 971 436 049
1937,Marisa Cobos,Programacion,5,3,24.0,Femenino,Toledo,yvillanueva@example.org,+34835 07 05 82
5509,Ildefonso Tello,Fisica,7,5,24.0,Masculino,Valencia,atilio27@example.net,+34 971426497
5082,Edmundo Gomez,Matematicas,5,4,20.0,Femenino,Lleida,tamayoremedios@example.net,+34 972 47 32 11
6484,Ciriaco Montaña,Matematicas,5,3,22.0,Femenino,Ourense,urosello@example.net,+34874 107 029
5150,Chus Segura,Programacion,4,1,20.0,Masculino,Zaragoza,maite80@example.org,+34 847 73 79 77
8193,Trinidad Roda,Programacion,4,3,23.0,Masculino,Huelva,amparo79@example.net,+34885 777 771
9721,Dani Prada,Fisica,2,1,25.0,Masculino,Valladolid,tluz@example.net,+34972 927 046
3479,Ibán Paniagua,Matematicas,6,3,19.0,Femenino,Navarra,rosa92@example.net,+34 919 037 233
4134,Benigna Fuster,Fisica,7,6,23.0,Masculino,Valencia,leonsebastian@example.com,+34 964213767
9030,Nicolás Barba,Matematicas,6,4,,Femenino,Asturias,daniel69@example.net,+34 978 088 151
5094,Esteban Mayo,Matematicas,4,1,21.0,Masculino,Zaragoza,enriquezadelina@example.com,+34926 197 220
8120,Lucio Menendez,Fisica,7,3,19.0,Masculino,Burgos,tomaspelayo@example.com,+34 933 748 424
7309,Macaria Ropero,Fisica,6,4,23.0,Masculino,Cádiz,nadia68@example.com,+34 949 95 96 09
2289,Darío Ferrán,Matematicas,10,6,21.0,Femenino,Huelva,guiomarlluch@example.com,+34821372922
5748,Manuel Mármol,Matematicas,5,1,24.0,Masculino,Soria,marcianocodina@example.net,+34 713045997
2397,Clemente Aznar,Fisica,4,3,23.0,Femenino,Valencia,luqueberta@example.org,+34 901 228 916
2825,Reyna Perea,Programacion,3,3,21.0,Femenino,Granada,donato09@example.net,+34 920 421 597
1702,Virginia Herrera,Matematicas,3,1,24.0,Femenino,Madrid,eladio93@example.com,+34 701 75 87 24
7660,Agustín Castells,Programacion,8,4,25.0,Femenino,Huelva,nacio39@example.com,+34 928 47 56 59
3885,Dan Alberola,Fisica,9,7,23.0,Femenino,La Rioja,saavedraana@example.com,+34 945754655
5733,Celestino Donoso,Programacion,4,3,22.0,Masculino,Lugo,hectorvalcarcel@example.org,+34984 154 519
6196,Valeria Armengol,Programacion,9,5,24.0,Femenino,Palencia,ferrandezblas@example.net,+34 871 43 16 71
1681,Ignacia Menéndez,Matematicas,5,3,22.0,Femenino,Castellón,llopismacaria@example.net,+34 948 327 629
8936,Carolina Pinilla,Matematicas,2,3,20.0,Femenino,Ceuta,wayuso@example.net,+34 851 410 257
2769,Seve Tudela,Programacion,5,3,24.0,Femenino,Madrid,arenasaraceli@example.com,+34942 42 67 46
8521,Amaro Tomas,Matematicas,5,2,22.0,,Sevilla,franchalonso@example.net,+34 877 829 945
3737,Santos Olmo,Programacion,8,6,19.0,,Ourense,gallardovidal@example.net,+34 981 530 082
7555,Leocadio Cal,Programacion,8,5,19.0,Masculino,Castellón,acortes@example.com,+34 910 781 888
8462,Nydia Jove,Fisica,5,3,23.0,Femenino,Baleares,carrillopepita@example.org,+34 722270860
3155,Aitana Lamas,Programacion,3,3,25.0,Masculino,Ávila,utejedor@example.com,+34885141634
5723,Tito Diaz,Fisica,7,6,23.0,Femenino,Granada,nildalumbreras@example.net,
9170,Kike Catalán,Matematicas,7,6,21.0,Femenino,Lugo,ferrerasfernanda@example.org,+34972225176
5550,Marcio Jerez,Programacion,4,3,20.0,Masculino,Almería,avalencia@example.com,+34 974 477 203
3982,Telmo Buendía,Fisica,4,4,23.0,Masculino,Huelva,gabino78@example.org,+34875 302 034
7257,Leoncio Aguirre,Fisica,8,5,20.0,Masculino,Álava,barrancotristan@example.net,+34975034382
5455,Sol Romeu,Fisica,5,3,20.0,Masculino,Salamanca,juan-manuel81@example.net,+34 843 818 490
1040,Estrella Llano,Programacion,5,4,21.0,,Lugo,amarilispina@example.com,+34 882 426 279
5190,Ainara Ramírez,Matematicas,6,5,24.0,Masculino,Castellón,rosauralujan@example.com,+34 845 89 65 43
8332,Celso Coloma,Programacion,6,4,22.0,Femenino,Valladolid,eparejo@example.com,+34883 604 306
2947,Valentina Zabala,Matematicas,7,3,18.0,Masculino,Barcelona,sebastian80@example.org,+34979 903 546
1696,María Luisa Barba,Fisica,4,5,19.0,Femenino,La Rioja,rufina63@example.com,+34 901 80 55 90
8295,Marisa Pazos,Programacion,5,2,21.0,Masculino,,delgadorafa@example.org,+34842804543
2311,Consuela Barragán,Fisica,4,3,24.0,Masculino,,mendizabaljimena@example.net,+34948 01 65 22
3864,Amanda Diaz,Matematicas,2,3,19.0,Masculino,Burgos,tomasjordana@example.net,+34 846 796 237
8147,Marcial Lluch,Fisica,0,1,25.0,Masculino,Guipúzcoa,ramona68@example.net,+34 943 57 17 92
5483,Carmelita Angulo,Fisica,4,3,22.0,Femenino,Teruel,titosala@example.org,+34 833 04 47 76
5599,Gertrudis Frutos,Matematicas,5,3,25.0,Masculino,Ciudad,mireiaaragones@example.org,
2703,Marta Losada,Matematicas,7,4,22.0,Femenino,Zaragoza,angeldominguez@example.org,+34 878932585
6132,Paco Gisbert,Fisica,2,1,21.0,Masculino,Girona,ivanraya@example.com,+34820 584 840
4531,Claudia Llanos,Matematicas,9,5,21.0,Masculino,Álava,ngallo@example.org,+34871 654 901
6752,Marco Andrés,Programacion,4,0,18.0,Femenino,Guadalajara,rosacabo@example.net,+34 882313222
5466,Reyes Reina,Programacion,8,5,20.0,Masculino,Sevilla,tmoya@example.net,+34 823 00 41 32
6039,Perlita Luz,Matematicas,4,3,18.0,,Guipúzcoa,vrozas@example.com,+34 926100477
5409,Georgina Rubio,Programacion,4,0,21.0,Masculino,Ciudad,kizquierdo@example.com,+34902 45 96 20
3197,Consuelo Cañas,Fisica,10,7,18.0,Masculino,Zamora,qcuenca@example.net,
1524,Dionisio Antón,Matematicas,9,6,23.0,Masculino,Madrid,barrenaandrea@example.org,+34 921372948
7127,Lina Bosch,Programacion,6,5,23.0,Femenino,Melilla,modesto62@example.net,+34 977 93 39 46
1657,Zoraida Carrión,Matematicas,1,3,23.0,Masculino,Cáceres,ebanos@example.org,+34 826 15 95 41
7567,Eliseo Alcántara,Programacion,7,2,19.0,Femenino,Córdoba,pradogema@example.com,+34 873444104
9095,Dimas Pujol,Matematicas,3,3,22.0,Masculino,Teruel,toribio82@example.com,+34846698504
6789,Sigfrido Plaza,Fisica,2,0,22.0,Masculino,Burgos,josefina36@example.org,+34820 089 040
7583,Toribio Patiño,Fisica,7,1,24.0,Masculino,Lleida,zacedo@example.net,+34874999633
3497,Leonor Olivé,Matematicas,5,3,18.0,Masculino,Pontevedra,hector44@example.com,+34 976 53 73 71
9983,Benito Casas,Programacion,6,3,23.0,Femenino,Toledo,,+34732 90 27 60
6005,Manolo Busquets,Programacion,3,3,20.0,Femenino,Toledo,guiomarroca@example.com,+34 982 113 039
1136,Maura Camps,Matematicas,3,4,24.0,Masculino,Barcelona,sbermudez@example.com,+34901 72 19 39
3258,Eladio Paredes,Programacion,9,8,21.0,Masculino,,constanza65@example.org,+34971 50 35 34
9603,Tatiana Fábregas,Programacion,7,3,,Femenino,Zaragoza,amarilisalfaro@example.com,+34 856 79 26 67
1419,Loreto Muñoz,Matematicas,4,3,18.0,Femenino,Soria,gparra@example.net,+34 806 267 856
7494,Dominga Jaén,Programacion,4,3,,Femenino,Palencia,ordonezmaria@example.net,+34847511930
1972,Nieves Leon,Fisica,7,5,21.0,Masculino,Málaga,svinas@example.com,
3349,Olga Tejedor,Programacion,8,4,24.0,Masculino,Soria,qginer@example.com,+34 926 07 71 12
4920,Eusebio Cuenca,Matematicas,3,3,24.0,Masculino,Ávila,,+34 874270439
8319,Edu Francisco,Matematicas,3,3,22.0,Femenino,Huelva,isaiasbolanos@example.net,+34 880853420
3814,Nerea Maldonado,Matematicas,6,5,23.0,Masculino,Castellón,julie90@example.com,+34941763372
8410,Isa Donaire,Fisica,6,2,25.0,Femenino,Toledo,claramorante@example.com,+34 974 921 722
1746,Herminia Maza,Programacion,7,5,24.0,Femenino,Almería,jalbero@example.net,+34 844 60 92 17
1968,Odalys Cuenca,Matematicas,8,3,18.0,Femenino,Santa Cruz de Tenerife,bernadjuan-bautista@example.net,+34933 95 41 38
9183,Olalla Redondo,Matematicas,8,5,21.0,Femenino,Tarragona,bernaljulieta@example.net,+34882582375
3512,Rodrigo Ayala,Matematicas,5,3,20.0,,,uuriarte@example.org,+34 973841123
6066,Mónica Yáñez,Programacion,10,7,18.0,Masculino,Almería,adrian69@example.com,+34 923 491 978
2935,Lilia Rosales,Programacion,6,4,25.0,Masculino,La Rioja,reyes18@example.org,+34 830 15 30 59
9678,Dulce Vega,Programacion,4,3,18.0,,Santa Cruz de Tenerife,knavarro@example.net,+34926 793 690
7013,Fanny Ugarte,Programacion,8,5,18.0,Masculino,Soria,vazquezcristian@example.net,+34 699 13 74 08
5952,Paloma Plaza,Programacion,1,0,22.0,Femenino,Cantabria,matadavid@example.com,+34 701614103
6871,Clementina Nogueira,Programacion,5,3,20.0,Masculino,Huelva,joel68@example.net,+34 981386738
3880,Rosario Bustos,Matematicas,9,5,23.0,,Asturias,danielamendizabal@example.net,+34 879 80 05 33
8555,Ciríaco Valentín,Fisica,8,6,20.0,Masculino,Palencia,armando21@example.com,+34 821412290
5058,Humberto González,Matematicas,4,3,24.0,,Córdoba,elipaniagua@example.org,+34976 13 34 03
3964,Jesús Roig,Fisica,2,1,23.0,Masculino,Ávila,merche25@example.org,+34876 42 57 65
6103,Marco Peñas,Matematicas,7,3,18.0,Femenino,Las Palmas,rita53@example.org,+34 911 413 110
3494,Lorenzo Escobar,Matematicas,7,6,23.0,Masculino,Guipúzcoa,,+34 934 342 556
4096,Ana Falcó,Fisica,4,3,24.0,Femenino,Ourense,evaristo84@example.com,+34986 50 84 81
7127,Eligia Diaz,Matematicas,4,3,18.0,Femenino,,cocasebastian@example.com,+34947 28 77 78
1297,Marcial Clavero,Fisica,6,4,20.0,Masculino,Ávila,ecarbajo@example.net,+34848 242 005
7870,Natalio Menendez,Fisica,6,5,21.0,Masculino,La Rioja,gvazquez@example.com,+34875 265 735
7094,Elvira Cervantes,Fisica,4,4,18.0,Masculino,Zamora,uvilanova@example.com,+34 967 059 875
9002,Chus Herrera,Matematicas,4,3,25.0,Masculino,Santa Cruz de Tenerife,alarconomar@example.com,
5331,Mireia Ruiz,Programacion,4,3,20.0,Femenino,Tarragona,celia34@example.org,+34807271414
6144,José Manuel Cepeda,Matematicas,7,3,22.0,Masculino,Tarragona,carolinasegarra@example.org,+34 922 133 358
4668,Heliodoro Amorós,Matematicas,7,4,20.0,Femenino,Girona,vgrau@example.net,+34 822 77 83 14
6795,Adora Girón,Fisica,7,4,21.0,Masculino,Almería,carmen49@example.net,+34 710 055 586
4502,Carmela Nadal,Fisica,6,5,18.0,Femenino,Las Palmas,mbelda@example.com,+34 883 99 67 47
5640,Joan Rivero,Programacion,6,5,23.0,Femenino,Cuenca,abascaltomas@example.net,+34 825998737
6674,Mercedes Carbonell,Fisica,6,5,20.0,Masculino,Ciudad,,+34925 164 824
1860,Leocadia Miró,Programacion,3,3,19.0,Femenino,Huelva,morenocasals@example.com,+34983 788 178
7181,Jordana Sureda,Matematicas,9,3,18.0,Femenino,Teruel,gayaalonso@example.org,+34 985 85 77 35
1228,Ramona Rovira,Fisica,2,3,18.0,Masculino,La Coruña,iramis@example.net,+34 926 82 03 73
2079,Jafet Morán,Matematicas,6,3,19.0,Femenino,Asturias,duranhortensia@example.net,+34 988 53 18 08
6994,Germán Grau,Programacion,4,4,18.0,Masculino,Burgos,novoacustodia@example.org,+34 958 487 104
1355,Javiera Ureña,Programacion,7,5,25.0,,Zamora,esparzagalo@example.net,+34 873803206
8233,Luciana Alberto,Programacion,6,5,22.0,,Guadalajara,ricarda29@example.org,+34 697 456 860
6349,Lucas Casas,Matematicas,3,3,22.0,Masculino,Ciudad,eduardorobledo@example.com,+34 807 08 97 57
3403,Octavia Carranza,Programacion,3,3,,Femenino,Valladolid,felisa13@example.com,+34978 31 72 77
8522,Armando Huertas,Programacion,10,5,23.0,Femenino,Salamanca,aragonesamilcar@example.org,+34 743 80 97 23
1091,Berto Zaragoza,Matematicas,6,4,24.0,Masculino,Cáceres,joaquin80@example.com,+34 882 735 700
9689,Martín Mascaró,Matematicas,5,4,21.0,Femenino,Albacete,josue61@example.org,+34711468294
3299,Evita Olmedo,Programacion,6,3,20.0,Femenino,Santa Cruz de Tenerife,baudelio24@example.org,+34 701256350
5970,Hilda Sola,Fisica,9,7,25.0,Femenino,Teruel,elisabetcosta@example.com,+34 825238190
7660,Jenny Andres,Programacion,8,5,20.0,Femenino,Huesca,expositodelia@example.com,+34 860 55 13 77
1902,Trinidad Solana,Fisica,4,5,22.0,Masculino,Badajoz,andradesantiago@example.net,+34873645755
8427,Marc Zabaleta,Matematicas,5,3,18.0,Masculino,Madrid,ferrandezfebe@example.org,+34818 076 813
3727,Hernán Gelabert,Matematicas,3,0,23.0,Masculino,Ceuta,brunopascual@example.net,+34822 41 37 12
8268,Anna Carlos,Matematicas,8,8,25.0,Femenino,La Coruña,marcmarquez@example.net,+34962 88 79 06
7555,Trini Cañete,Matematicas,6,3,23.0,,Barcelona,aferrer@example.net,+34900280572
1300,Sandra Rozas,Matematicas,8,3,19.0,Masculino,Girona,joverandres-felipe@example.org,+34921 585 272
7400,Reina Mínguez,Matematicas,6,4,23.0,Masculino,Cuenca,vera67@example.org,+34 945 958 244
3781,Luis Miguel Conesa,Matematicas,5,2,22.0,Femenino,Cantabria,lrocamora@example.net,+34 822 39 32 35
1846,Luisina Rojas,Fisica,6,3,21.0,Masculino,Girona,rosalindacervantes@example.com,+34972 78 76 31
2152,Angelita Parejo,Programacion,9,8,25.0,Masculino,Las Palmas,vquiroga@example.net,+34 841877631
4328,Ani Seguí,Programacion,8,6,21.0,Femenino,La Rioja,zorrillacintia@example.org,+34873937704
7240,Eric Godoy,Matematicas,3,3,,,Segovia,xmendez@example.net,+34 947733216
2908,Nadia Vilar,Matematicas,5,4,23.0,Masculino,Segovia,alvaro45@example.org,+34 873 077 626
7173,Edgardo Manjón,Matematicas,5,3,25.0,Femenino,León,,+34 877 029 363
8557,Felix Pulido,Programacion,4,1,23.0,Femenino,Girona,isidoro25@example.org,+34 879 19 46 89
3117,Clara Cánovas,Fisica,7,5,19.0,Femenino,Cantabria,zcolom@example.org,+34975796742
5793,Francisco Jose Duque,Fisica,10,8,21.0,Femenino,Cádiz,adalberto11@example.net,
5714,Perla Arroyo,Fisica,4,4,25.0,Masculino,Vizcaya,rvinas@example.org,+34 926 988 443
9208,Carmen Madrigal,Programacion,5,3,21.0,Masculino,Navarra,vicenta04@example.org,+34 926716752
2929,Xiomara Cuadrado,Fisica,10,8,20.0,Femenino,Badajoz,arranzesperanza@example.org,+34 957127541
7874,Ángela Albero,Matematicas,5,0,18.0,Femenino,Burgos,clotildealberdi@example.net,+34924849787
6351,Emigdio Martin,Matematicas,5,3,23.0,Femenino,Cuenca,uluis@example.com,+34 843 96 48 42
2782,Adelardo Pelayo,Programacion,4,3,25.0,Femenino,Asturias,alexayuso@example.com,+34876 44 06 92
8600,Galo Busquets,Fisica,5,3,18.0,Femenino,Castellón,arcelia21@example.org,+34 843 52 88 67
7100,Olimpia Amat,Programacion,6,5,19.0,Femenino,Palencia,teofilosalgado@example.org,+34924 674 202
7255,Alcides Manzanares,Programacion,7,5,21.0,Femenino,Santa Cruz de Tenerife,,+34827 118 867
6708,Modesto Hervás,Fisica,9,8,20.0,Masculino,Cuenca,miguela83@example.com,+34 886 27 94 90
2560,Pío Céspedes,Fisica,0,0,24.0,Masculino,Asturias,spellicer@example.org,+34 888 42 22 88
4845,Manola Torrens,Matematicas,5,3,18.0,Femenino,Valencia,ktormo@example.net,+34978 678 038
1076,Francisco Jose Isern,Fisica,3,1,25.0,Masculino,Cáceres,aroagarzon@example.org,+34973 559 286
4627,Ángeles Arana,Fisica,5,5,,Femenino,Jaén,cruz38@example.com,+34 985050595
4349,Nicolás Rodríguez,Matematicas,6,4,20.0,Femenino,Castellón,ulisessebastian@example.com,+34987 09 34 23
8652,Adán Guerra,Matematicas,10,6,21.0,Femenino,Pontevedra,hozluz@example.com,+34 962190803
8665,Cristian Nieto,Matematicas,8,5,25.0,Masculino,Toledo,pastorgamez@example.com,+34923 54 27 49
7654,Dionisia Vaquero,Matematicas,8,5,25.0,Femenino,Cuenca,,+34 885266944
7508,Clementina Taboada,Fisica,3,3,19.0,Masculino,Ceuta,tania34@example.org,+34825158732
2548,Nicolasa Escudero,Programacion,10,8,23.0,Masculino,Guadalajara,mario49@example.com,+34 803975247
9837,Alcides Canet,Programacion,6,4,,Masculino,Cáceres,maribeldiaz@example.net,+34 807058337
2660,Mariano Sala,Programacion,8,5,,Masculino,,castromaura@example.org,+34877 99 88 19
7741,Zacarías Marquez,Matematicas,9,6,20.0,Masculino,Las Palmas,debora97@example.net,+34861 877 003
3863,Azeneth Arana,Fisica,1,1,18.0,Femenino,Pontevedra,iaguado@example.org,+34 807 465 624
3042,Irene Pintor,Programacion,10,8,22.0,Femenino,Albacete,ainoa95@example.org,+34 973 13 59 39
4846,Adolfo Iñiguez,Fisica,4,3,18.0,Masculino,Badajoz,gilberto55@example.org,+34747 052 992
1068,Amaro Gisbert,Fisica,10,8,22.0,Masculino,Ciudad,benita69@example.net,+34 972 23 64 93
6321,Edelmira Hoyos,Matematicas,5,4,24.0,Masculino,Ciudad,almudena01@example.com,+34824 96 47 14
9096,Miguel Salom,Matematicas,8,4,24.0,Femenino,Segovia,sansmorena@example.org,+34 980 467 540
7090,Rosalina Rosales,Fisica,4,3,25.0,Masculino,Granada,qvillena@example.net,+34826085058
5571,Delia Soler,Fisica,7,6,24.0,Femenino,Huelva,oliviaparedes@example.net,+34 949 167 347
2296,María Pilar Iglesia,Fisica,7,5,,Masculino,Navarra,diegobenitez@example.com,+34825967280
2762,Lina Sierra,Fisica,2,2,25.0,Femenino,Barcelona,jafetcalvet@example.net,+34821 480 982
8318,José Antonio Alsina,Fisica,5,4,20.0,Masculino,Navarra,zsalinas@example.com,+34 941666139
6245,Nydia Bou,Fisica,2,1,20.0,Masculino,Córdoba,patinoflorencia@example.com,+34 902036134
2052,Gil Avilés,Matematicas,5,1,24.0,Masculino,Cádiz,rzurita@example.net,+34 942856974
3673,Casandra Aller,Fisica,8,5,,Masculino,Asturias,teodoraballester@example.com,+34 973 62 45 06
9142,Adora Córdoba,Fisica,6,4,25.0,Femenino,Zamora,hgrande@example.com,+34828 959 856
8013,Fabián Huguet,Programacion,4,3,20.0,Masculino,Melilla,benitogilberto@example.net,
2157,Candela Abascal,Programacion,7,4,21.0,Masculino,Valladolid,palomarsoraya@example.com,+34985 215 766
2602,Modesta Reguera,Programacion,3,0,18.0,Femenino,Álava,vilapatricia@example.net,+34849 999 600
6539,María Ros,Matematicas,6,3,22.0,Masculino,Badajoz,pilar83@example.org,+34936306796
9907,Miguel Ángel Murillo,Fisica,6,4,21.0,Masculino,Zamora,fortunata08@example.org,+34 949 566 595
3637,Joaquina Nicolás,Matematicas,4,5,24.0,Masculino,Ourense,caseszaira@example.net,+34 928464307
7115,Chita Losada,Fisica,7,5,25.0,Masculino,Huesca,gaguilar@example.com,+34827101082
8647,Berta Cano,Matematicas,3,2,25.0,Masculino,Huesca,nazaretalmagro@example.com,+34 842316101
6598,Paz Barberá,Matematicas,6,3,19.0,Femenino,Salamanca,baenafelicidad@example.net,+34 842 86 39 19
8429,Paola Mate,Matematicas,10,7,25.0,Femenino,Asturias,barrenavalentin@example.org,+34 882736995
7235,Rafaela Valenzuela,Matematicas,6,5,19.0,Femenino,Cuenca,leyre22@example.com,+34 800 679 685
5584,Chema Maestre,Programacion,7,4,23.0,Masculino,Jaén,portilloale@example.net,+34882 955 249
4226,Sigfrido Cobo,Matematicas,10,7,23.0,Masculino,Sevilla,rocio56@example.net,+34 983408958
8452,Nélida Roig,Matematicas,4,3,21.0,Femenino,Burgos,vilaltadamian@example.net,+34 828 595 739
1999,Rosendo Tejero,Fisica,9,4,24.0,Femenino,Almería,victorinosolana@example.com,+34 872 503 064
3471,Asunción Marco,Fisica,4,3,23.0,Masculino,Pontevedra,qparejo@example.com,+34873848705
1105,Aurora Aranda,Programacion,6,4,25.0,Masculino,Guipúzcoa,primitivorocha@example.org,+34 806 459 720
7831,César Santiago,Matematicas,3,1,22.0,Femenino,Santa Cruz de Tenerife,evaristo33@example.net,+34 817 23 00 56
5473,Marcela Palau,Fisica,5,3,19.0,Femenino,Santa Cruz de Tenerife,miguel-angelzurita@example.org,+34880 71 06 98
6558,Quique Collado,Matematicas,6,5,23.0,Masculino,,bienvenida91@example.org,+34 827 907 250
3432,Manola Huertas,Matematicas,8,7,23.0,Masculino,La Rioja,victor69@example.org,+34928119302
9459,María Jesús Egea,Matematicas,8,7,23.0,Femenino,Guipúzcoa,abilio84@example.com,+34 885703503
9371,Rosalía Duarte,Fisica,5,3,25.0,Masculino,Valencia,palominoelisabet@example.net,+34986 29 52 07
1611,Rosenda Boada,Fisica,5,3,18.0,Femenino,Toledo,onofre68@example.org,
1964,Olga Mendez,Matematicas,8,3,19.0,Masculino,Segovia,modestogalvez@example.com,+34800757861
8962,Brígida Talavera,Matematicas,8,4,22.0,Femenino,Ávila,octaviocarvajal@example.net,+34735 65 04 88
7641,Consuelo Montaña,Matematicas,5,4,23.0,Femenino,Valencia,andres-felipejaume@example.org,+34827 443 359
9924,Lorena Falcó,Fisica,5,3,18.0,Femenino,Madrid,bbaron@example.org,+34 944162399
6008,Vicente Español,Matematicas,6,3,21.0,Femenino,Barcelona,carlos67@example.com,+34831385688
2026,Buenaventura Guillen,Programacion,7,5,24.0,Masculino,Barcelona,regina93@example.net,+34 873 09 55 77
3273,Jennifer Salmerón,Matematicas,5,3,22.0,Masculino,Cantabria,hbarriga@example.org,+34822 166 820
3628,Plácido Quintero,Programacion,5,3,,Masculino,Las Palmas,fgual@example.org,
2886,Rodolfo Rojas,Fisica,6,3,23.0,Femenino,,primitivobello@example.net,+34 846 52 68 32
8428,Lina Segura,Matematicas,4,3,18.0,Masculino,Huesca,mferreras@example.com,+34 984 69 12 50
3383,Pancho Amorós,Fisica,10,8,18.0,Masculino,Baleares,teremanjon@example.net,+34 988348559
6247,Ricarda Sierra,Programacion,6,3,22.0,Masculino,Málaga,itziar86@example.net,+34 974 63 11 13
5373,Vera Dueñas,Fisica,2,0,,Masculino,Baleares,manuela73@example.com,+34849 807 618
4961,Vicenta Losa,Fisica,8,6,20.0,Masculino,Guadalajara,oscar95@example.com,+34921007385
3050,Piedad Bertrán,Fisica,4,3,,Femenino,Cáceres,anieto@example.com,+34 844436402
1701,Josefa Bastida,Matematicas,8,5,19.0,Femenino,Albacete,teresita23@example.com,+34983424761
7318,Rico Frías,Fisica,10,5,20.0,,Sevilla,ibarba@example.org,+34982 47 98 38
6230,Lucio Vilanova,Programacion,7,4,23.0,Femenino,Alicante,julietagarriga@example.net,+34873 80 44 80
3336,Reyna Bravo,Matematicas,7,5,19.0,Femenino,Soria,ybarba@example.org,+34 878 24 70 73
9423,Ágata Mancebo,Programacion,7,4,25.0,Femenino,Pontevedra,qserna@example.com,+34 853 502 576
4773,Alexandra Guitart,Programacion,2,1,22.0,Masculino,Almería,gvilaplana@example.org,+34 854 525 088
9577,Virginia Barba,Matematicas,6,5,19.0,,Ciudad,pagustin@example.net,+34 921356146
4929,Fabiola Porras,Fisica,10,8,24.0,Masculino,Melilla,rozasjulieta@example.com,+34 879 94 57 44
1264,Mireia Bayo,Fisica,1,3,,Masculino,Cáceres,ulises48@example.org,+34 825 28 07 56
6679,Félix Oller,Fisica,4,4,22.0,Femenino,Ciudad,barrigadesiderio@example.com,+34 848 40 50 91
2024,Elvira Bello,Fisica,2,1,25.0,Masculino,Pontevedra,qraya@example.net,+34900 425 129
1163,María Del Carmen Garrido,Fisica,3,3,18.0,Femenino,Girona,queroramiro@example.net,+34 948 658 580
8194,Florentino Doménech,Programacion,4,4,24.0,Masculino,Castellón,albanocorbacho@example.com,+34 842 15 12 34
6310,Cebrián Calvo,Programacion,6,5,21.0,Femenino,Cantabria,roldanvalentin@example.org,+34 856 632 148
6999,Clímaco Lerma,Matematicas,5,5,20.0,Femenino,Navarra,jose-antonio66@example.net,+34 980 54 15 47
3996,Jordana Mur,Fisica,2,1,20.0,Masculino,,melerosandra@example.net,+34 800 40 25 34
7815,Itziar Arribas,Fisica,4,3,22.0,Femenino,Lugo,chaparrorufina@example.org,+34983723034
4713,Mariana Pedro,Fisica,7,5,19.0,Femenino,Jaén,soriaangela@example.org,+34988 48 99 09
3307,Isa Noriega,Programacion,7,3,19.0,Masculino,,diana75@example.com,+34 837 23 63 88
1259,Adela Arias,Matematicas,7,5,21.0,Masculino,La Coruña,verajuan-francisco@example.net,+34 947 948 101
6236,Candelas Alsina,Fisica,5,3,18.0,Masculino,Santa Cruz de Tenerife,,+34980962117
9356,Eusebia Tamayo,Matematicas,6,4,25.0,Femenino,Tarragona,carbajozoraida@example.org,+34 822954218
7570,Melisa Bonilla,Programacion,5,3,19.0,Femenino,Murcia,agomis@example.com,+34 972 33 51 28
6353,Octavio Jerez,Fisica,0,0,25.0,Femenino,,leandro57@example.net,+34 974914402
3181,Juan Antonio Noguera,Programacion,6,4,19.0,Femenino,,febe77@example.com,+34866 27 19 80
9886,Paz Tovar,Fisica,4,2,23.0,Masculino,Girona,rupertomendez@example.com,+34939781416
4331,Eva María Mendez,Matematicas,5,5,18.0,Femenino,Salamanca,hernandotur@example.net,
1670,Francisco Javier Pareja,Fisica,6,3,21.0,Femenino,Badajoz,mauraquiroga@example.net,+34 825 043 561
2241,Jenaro Cardona,Fisica,8,4,19.0,Femenino,León,valeria22@example.net,+34871784821
1652,Julie Agudo,Programacion,4,3,,Masculino,,cerrohilda@example.com,+34971 23 39 27
8684,Ester Pont,Matematicas,7,5,25.0,Masculino,Asturias,silvio51@example.com,+34941 291 865
5300,Josefina Flores,Matematicas,6,5,22.0,Masculino,,clemente53@example.org,+34 978 01 60 40
5810,Victor Company,Fisica,6,3,18.0,Femenino,Vizcaya,camponazaret@example.com,+34832 690 158
1427,Amparo Medina,Programacion,8,8,19.0,Femenino,Huesca,salvador79@example.com,+34 823142163
5334,Ainoa Cañete,Fisica,5,3,21.0,Masculino,Segovia,carmelaalfonso@example.net,+34 948823748
3803,Ofelia Lerma,Programacion,5,4,20.0,Masculino,Jaén,candela15@example.net,+34880837933
9235,Dimas Franco,Fisica,6,4,22.0,Masculino,,vpedrosa@example.com,+34 928 161 625
1711,Roberta Coloma,Fisica,3,4,,Masculino,Valladolid,vmurcia@example.net,+34846717073
9755,Lucía Ferreras,Programacion,10,7,22.0,Masculino,Cáceres,fmari@example.com,+34 927 37 13 71
1674,Gabriel Fajardo,Fisica,8,7,22.0,Masculino,Murcia,zacariasmontalban@example.org,+34 947 75 86 59
9978,Águeda Abellán,Matematicas,5,3,22.0,Masculino,Badajoz,ccoello@example.net,+34920788827
1002,Benjamín Expósito,Matematicas,7,5,,Femenino,Segovia,dionisio44@example.com,+34925 927 383
8846,María Del Carmen Nieto,Programacion,2,1,20.0,Femenino,La Rioja,luchopozuelo@example.org,+34949732640
4340,Virgilio Alcaraz,Programacion,4,3,20.0,Femenino,Lleida,saturninofigueroa@example.net,+34 847 643 145
2600,Jacinta Conesa,Fisica,6,3,20.0,Femenino,Valladolid,renataroman@example.com,+34 986 41 44 81
5990,Loreto Abascal,Fisica,4,3,24.0,Femenino,Madrid,xreig@example.com,+34 848 153 284
1764,Tamara Salvador,Matematicas,3,1,24.0,Masculino,Sevilla,luis90@example.net,+34 826 263 086
2795,Cristina Arjona,Programacion,9,8,21.0,Femenino,Ourense,icuenca@example.org,
3010,Loida Pedrero,Programacion,5,4,19.0,Masculino,La Rioja,pladavid@example.com,+34879 00 58 37
5227,Fabián Posada,Matematicas,8,5,20.0,Femenino,Navarra,victoriano22@example.org,+34928800962
4718,Gervasio Benito,Programacion,8,5,20.0,Femenino,,herminia54@example.org,+34 807 28 61 13
7548,Bienvenida Olivera,Fisica,8,6,25.0,Masculino,Burgos,flora04@example.net,+34 847 230 758
5922,Loida Carbajo,Programacion,4,4,21.0,Femenino,Cáceres,hoyosmarta@example.com,+34978 618 846
1981,Irma Castillo,Programacion,10,8,18.0,Masculino,Ourense,palmiraanguita@example.net,+34 881 46 80 75
9367,Pascuala Pelayo,Fisica,6,5,21.0,Femenino,Valencia,viveskike@example.com,+34800929160
4764,Gabriela Asenjo,Fisica,7,7,18.0,Masculino,Málaga,olimpiaadadia@example.com,+34 877 620 934
4642,Laura Martinez,Matematicas,10,6,24.0,Femenino,Madrid,luzlanda@example.net,+34605 82 00 29
5206,Cornelio Tapia,Matematicas,8,7,24.0,Masculino,León,condeani@example.net,+34984074060
6714,Silvestre Pellicer,Matematicas,1,1,22.0,Masculino,Tarragona,maria-del-carmenconesa@example.com,+34887 51 26 17
8658,Custodio Cobo,Programacion,1,0,21.0,Masculino,Valladolid,lsandoval@example.net,+34825 168 069
5165,Carmelo Rincón,Fisica,5,2,22.0,Femenino,Madrid,lupita57@example.com,+34 985 70 43 09
8257,Montserrat Domínguez,Programacion,10,8,18.0,Masculino,Castellón,anitaarnal@example.org,+34848 098 287
1493,Lupe Manjón,Fisica,4,3,21.0,Femenino,Badajoz,apoloniaalberola@example.org,+34 963375488
6400,Ximena Contreras,Fisica,8,3,18.0,Femenino,Cádiz,azorincalista@example.net,+34 986382666
5452,Odalis Saldaña,Programacion,2,1,18.0,Femenino,Córdoba,dafnealegria@example.net,+34 827649831
1889,Juliana Ibañez,Programacion,5,5,22.0,Femenino,Huelva,felix85@example.org,+34 827 876 806
6197,Eulalia Pinto,Programacion,5,2,18.0,,Melilla,teodora60@example.net,+34712605145
2137,Valentín Fernandez,Fisica,9,5,19.0,,Toledo,mcases@example.net,+34 844 068 957
3609,María Jesús Lucena,Fisica,4,3,20.0,Femenino,Almería,,+34 882 88 76 95
9323,Andrés Belmonte,Programacion,4,4,24.0,Femenino,Zaragoza,paulino99@example.net,+34926677231
6024,Dalila Yuste,Fisica,9,5,21.0,Masculino,Málaga,federico39@example.net,+34847 720 189
4187,Gustavo Bello,Fisica,4,5,22.0,Masculino,Guadalajara,,+34820614473
2713,Martín Alcolea,Programacion,4,4,20.0,Femenino,Valladolid,fdalmau@example.net,+34 841 675 751
4811,Florencio Herranz,Fisica,10,7,22.0,Masculino,Jaén,emarosello@example.org,+34815 715 219
1075,Feliciana Ricart,Matematicas,6,4,19.0,Femenino,Huelva,riverawilfredo@example.com,+34879 192 963
4089,Jose Angel Tejada,Programacion,8,6,23.0,Masculino,,,+34988119943
1068,Elisabet Rueda,Matematicas,3,0,25.0,Femenino,Salamanca,eplana@example.org,+34823 685 336
7447,Rogelio Hoz,Matematicas,5,3,20.0,Masculino,Jaén,apolinar33@example.org,+34886066498
1330,Maximiano Atienza,Matematicas,5,5,21.0,Masculino,Málaga,tovarazahara@example.org,+34938103556
7566,Noé Adadia,Matematicas,4,0,23.0,Femenino,Huelva,baenabernardino@example.com,+34820 695 228
7772,Amancio Benitez,Matematicas,8,4,18.0,Masculino,Zamora,labril@example.org,+34 887725375
4317,Víctor Rius,Matematicas,5,3,23.0,Femenino,Asturias,criadolucia@example.com,+34 888 82 94 16
1870,Remedios Núñez,Programacion,7,5,18.0,Femenino,Albacete,alberoricardo@example.org,+34 987404249
2572,Fortunato Valle,Programacion,10,6,20.0,Masculino,Ourense,qplana@example.org,+34 987219658
6597,Amaro Gallardo,Fisica,7,5,22.0,Femenino,Ceuta,lbarcena@example.com,+34988 102 915
9739,Nicanor Villa,Programacion,9,7,24.0,Masculino,Pontevedra,fabio72@example.org,+34 978 120 305
4527,Miriam Roselló,Matematicas,6,3,24.0,Masculino,Barcelona,millanaureliano@example.com,+34 883466289
1960,Cintia Barba,Programacion,6,2,21.0,,Valladolid,serrabienvenida@example.org,+34 825632868
2032,Diego Mayoral,Matematicas,4,0,18.0,Masculino,Santa Cruz de Tenerife,manuelaclavero@example.com,+34882 409 698
4011,Magdalena Feliu,Matematicas,5,3,20.0,Femenino,Palencia,llanosusana@example.org,+34 922761726
4068,Lorenzo Galiano,Programacion,5,3,20.0,Femenino,Palencia,carbonellanna@example.com,+34 944613592
4463,María Cristina Estévez,Matematicas,2,2,19.0,Femenino,Málaga,umanzanares@example.org,
8629,Rosa Miralles,Matematicas,8,6,,Masculino,Salamanca,ygimenez@example.com,+34719 874 056
1082,Aroa Ochoa,Matematicas,4,3,21.0,Femenino,Valencia,sgaray@example.net,+34985540623
4843,Édgar Vergara,Matematicas,3,3,21.0,Masculino,Valencia,cadenasnatalia@example.com,+34 800143133
8432,Quique Marcos,Matematicas,10,8,22.0,Femenino,Navarra,almudena75@example.org,+34849 424 292
9239,Azahar Giralt,Programacion,7,6,22.0,Femenino,Segovia,aguilamarcial@example.net,+34824 06 73 30
2795,Nico Asenjo,Matematicas,8,7,20.0,Masculino,Zamora,manuelita51@example.com,+34977 694 094
5396,Luis Ángel Bolaños,Programacion,6,3,19.0,Femenino,Melilla,iabad@example.org,+34 926692773
3123,Lisandro Grande,Programacion,9,5,20.0,Masculino,Salamanca,ximenaibanez@example.com,+34 879353948
7449,Custodia Tejero,Programacion,6,3,22.0,Femenino,Guipúzcoa,montanacipriano@example.org,+34 827018727
5815,Vilma Ribes,Programacion,10,4,18.0,,Melilla,garciacasemiro@example.org,+34 874954874
4174,Jennifer Cerezo,Programacion,3,1,25.0,Masculino,Álava,sernalucia@example.net,+34988 41 73 48
5670,Juan Luis Iniesta,Matematicas,7,5,19.0,Femenino,Asturias,pellicerbernardo@example.org,+34 943 37 78 49
8651,Silvia Barrena,Programacion,2,0,24.0,Femenino,Badajoz,brunildagisbert@example.net,+34979 659 241
7482,Agustina Castillo,Programacion,10,6,23.0,Femenino,Albacete,cristianalegre@example.net,+34854165268
4390,José Ángel Quintero,Fisica,9,6,21.0,,Córdoba,adoracionpalacios@example.com,+34922 501 473
2397,Chuy Castell,Programacion,6,4,18.0,Masculino,Huelva,geronimo59@example.com,+34 881123119
3467,Bernardo Mariscal,Programacion,6,5,25.0,Masculino,Ávila,beldamoreno@example.net,+34 986 577 848
1924,Cipriano Domingo,Fisica,5,3,18.0,Masculino,Pontevedra,mtorrijos@example.net,+34985 896 345
6051,Albina Quesada,Programacion,7,3,23.0,Masculino,Albacete,hierrootilia@example.com,+34690 16 26 71
7369,Edelmiro Zaragoza,Matematicas,4,3,21.0,Masculino,Vizcaya,vcepeda@example.net,+34 848 73 36 93
6209,Román Sanmartín,Programacion,8,5,23.0,Masculino,Jaén,amormanjon@example.org,+34 976 28 14 66
1458,Alejandro Llorens,Fisica,2,0,20.0,Femenino,Albacete,driera@example.org,+34 824777642
2537,Maite Chico,Programacion,5,2,19.0,Masculino,Jaén,correamanu@example.org,+34 888 769 417
8573,Abigaíl Ripoll,Matematicas,2,1,24.0,Masculino,Segovia,sevillaignacia@example.net,+34 826 28 20 36
6017,Nélida Arroyo,Programacion,10,5,18.0,Femenino,Ourense,valeria41@example.org,+34 945 171 213
4722,Carmen Blanca,Matematicas,7,7,23.0,Femenino,Albacete,galapastor@example.org,
3680,Tamara Terrón,Matematicas,4,3,23.0,Masculino,,taviles@example.net,+34902 866 810
2449,Paco Ballesteros,Fisica,8,5,20.0,Masculino,Huesca,hoyoscandida@example.com,+34 832 27 10 96
3258,Edelmiro León,Fisica,9,7,21.0,Femenino,Burgos,canalesseveriano@example.net,+34 874 836 941
6332,Prudencio Dueñas,Matematicas,6,3,20.0,Masculino,Huelva,uriartepaca@example.com,
2671,Edmundo Corral,Programacion,4,3,24.0,Femenino,Badajoz,ismael93@example.com,
9504,Faustino Ugarte,Fisica,6,4,18.0,Femenino,Castellón,dsantamaria@example.net,+34987 17 17 55
9533,Olga Muñoz,Fisica,6,4,19.0,Masculino,Lleida,celia99@example.com,+34 978 524 370
6550,Noelia Alsina,Matematicas,9,5,25.0,Masculino,Huelva,herasgaspar@example.net,+34879886212
6331,Paca Mateo,Fisica,6,3,25.0,Femenino,Cáceres,juan-franciscovalenzuela@example.net,+34 975309658
4462,Hilda Arrieta,Programacion,6,3,19.0,Masculino,Valladolid,contrerastecla@example.org,+34 945 370 773
2416,Amarilis Pelayo,Fisica,5,4,21.0,Masculino,La Coruña,silvia87@example.org,+34 985 971 391
8164,Roque Raya,Programacion,5,2,20.0,Femenino,Segovia,naciocalvet@example.com,+34 974 456 658
7869,Luciana Martín,Matematicas,6,4,22.0,Femenino,Santa Cruz de Tenerife,becerraherminia@example.org,+34 800 291 230
5335,Chuy Rodriguez,Matematicas,9,5,19.0,Masculino,,eugeniapino@example.net,+34 701 24 75 35
1677,Paulina Carranza,Fisica,10,5,22.0,Masculino,Granada,casemiromelendez@example.org,+34 947 94 67 93
6059,María Ángeles Alcalá,Fisica,6,4,20.0,Femenino,Huelva,ealeman@example.com,+34902 515 672
1686,Apolonia Gálvez,Matematicas,5,4,20.0,Femenino,Castellón,crescencia98@example.net,+34 844 852 300
1744,Teófilo Nicolás,Fisica,5,4,22.0,Masculino,Almería,galindoroman@example.net,+34708 25 41 62
1425,Eloy Paz,Fisica,6,4,25.0,Masculino,Huelva,azahar68@example.org,+34 983 77 30 04
1860,Coral Rovira,Programacion,4,3,21.0,Femenino,Málaga,carograciana@example.com,+34 806654296
4135,Narciso Arribas,Fisica,6,3,25.0,Femenino,Valencia,eveliaferrero@example.org,
6177,Leonel Guerrero,Matematicas,5,3,22.0,Femenino,Cádiz,jose14@example.org,+34944 06 13 29
8780,Lalo Estévez,Matematicas,2,1,25.0,Femenino,La Rioja,tnavarro@example.com,+34983 317 784
7695,Flavia Ribes,Matematicas,7,3,25.0,Masculino,Zamora,nmancebo@example.org,+34854 427 930
5801,Olegario Fajardo,Programacion,5,4,18.0,Femenino,Zaragoza,patriciamarcos@example.org,+34 949350721
1701,Chus Noriega,Fisica,10,8,22.0,Masculino,Santa Cruz de Tenerife,maxiartigas@example.org,+34 874 275 996
6829,Celestino Casares,Programacion,6,5,22.0,Femenino,Lugo,chus92@example.com,+34 848 133 441
9543,Isaura Carnero,Matematicas,6,3,21.0,Masculino,Palencia,smartorell@example.com,+34917390453
1936,Aurelio Villalba,Matematicas,10,7,18.0,Masculino,Albacete,toribiobermudez@example.org,+34928 665 267
3741,Herminia Cuesta,Matematicas,7,5,20.0,Masculino,Barcelona,estrella41@example.org,+34811 443 927
3567,Benito Bustamante,Matematicas,4,1,25.0,Masculino,Madrid,amorbernardino@example.com,+34971 42 21 48
9547,Eloy Pont,Programacion,10,8,18.0,Femenino,Burgos,vicenta18@example.org,+34 880528773
9901,Macaria Ros,Matematicas,5,4,,Femenino,Navarra,armassalomon@example.net,+34885783815
9873,Aureliano Beltran,Programacion,2,0,23.0,,La Coruña,fabriciocontreras@example.org,+34972063488
9988,Javiera Palomar,Fisica,10,8,20.0,Masculino,Melilla,pomarescristian@example.org,+34689615642
8414,Aránzazu Torrijos,Fisica,3,0,24.0,Masculino,Pontevedra,ascension12@example.org,+34954 22 91 61
8034,Modesta Giner,Fisica,6,4,21.0,Femenino,Segovia,vilaefrain@example.org,+34825 888 432
3901,Jose Ignacio Galan,Programacion,5,3,20.0,Femenino,La Rioja,ybosch@example.com,+34841 28 68 38
5875,Inmaculada Castell,Fisica,6,6,21.0,Masculino,Las Palmas,parraamarilis@example.net,+34807912080
5611,Borja Agustí,Fisica,5,4,22.0,Femenino,Albacete,qmorcillo@example.net,+34 873 00 41 09
