DNI,Nombre,Asignatura,Nota
5390,Charo Beltrán,Matematicas,5
6805,Flora Marti,Programacion,6
3029,Rosa María Lara,Programacion,5
2094,Vicente Gámez,Matematicas,6
4368,Ricardo Hidalgo,Fisica,5
3772,Eligio Dávila,Fisica,5
3780,Primitiva Vázquez,Matematicas,2
4913,Chelo Bru,Fisica,4
2126,Teo Cadenas,Programacion,4
8390,Soraya Villena,Fisica,5
8497,Ignacia Castejón,Programacion,5
3674,Cirino Bilbao,Programacion,6
7860,Benigno Roca,Programacion,3
5491,Glauco Roda,Programacion,5
3038,Eva María Miranda,Fisica,7
7681,Eva María Verdú,Matematicas,5
8409,Lucía Prieto,Programacion,4
4410,Belén Linares,Fisica,6
5189,Marcelino Llorens,Programacion,7
9960,Ángel Vicente,Fisica,7
2232,Casemiro Roldan,Programacion,1
1669,Valero Fernández,Fisica,10
6817,Carmina Plana,Matematicas,1
8312,Juanita Moll,Programacion,6
2420,Modesto Calderón,Matematicas,4
8184,Amado Julián,Fisica,4
8040,Belen Santos,Fisica,6
4737,Georgina Estevez,Programacion,6
6765,Mario Frías,Fisica,3
1555,Fabiana Agullo,Matematicas,6
6448,Chelo Pelayo,Matematicas,6
9703,Maximino Iglesias,Programacion,2
5188,Adelia Manzanares,Fisica,1
5782,Vidal Roselló,Fisica,7
6705,Concepción Oliva,Programacion,3
1135,Crescencia Alberto,Programacion,5
1925,Borja Acosta,Fisica,1
6895,María Jesús Riba,Fisica,5
2016,Teobaldo Pou,Programacion,7
9196,Calixto Amat,Programacion,3
1627,Odalis Macias,Programacion,5
8872,Sandalio Gelabert,Fisica,6
1828,Candelario Barberá,Matematicas,9
6598,Emigdio Sancho,Matematicas,6
1730,Porfirio Caballero,Programacion,2
5948,Fabiana Correa,Fisica,6
4248,Juanita Peláez,Programacion,7
1506,Jose Ignacio Berenguer,Matematicas,9
7521,Rosa Sanmiguel,Fisica,5
9322,Chema Paredes,Matematicas,8
9609,Luciano Antón,Fisica,3
7130,Reyna Blanch,Programacion,5
1418,Javiera Estévez,Matematicas,5
5288,Imelda Mateos,Programacion,5
5543,Amor Somoza,Fisica,6
5203,Tristán Ballesteros,Programacion,3
8561,Javier Palmer,Matematicas,5
2083,Marcial Almeida,Programacion,9
2836,Aitor Segovia,Matematicas,3
9376,Vasco Cabañas,Fisica,6
8339,Lara Codina,Matematicas,10
9513,Eladio Jiménez,Fisica,7
2348,Juan Antonio Arjona,Fisica,6
3600,Venceslás Roig,Programacion,6
1104,Oriana Bauzà,Matematicas,5
6439,Cornelio Valbuena,Programacion,4
5632,Carlota Talavera,Programacion,6
8944,Lola Figueras,Matematicas,2
9037,Jimena Gilabert,Matematicas,6
7336,Gabriela Fernandez,Matematicas,5
1302,Nazaret Valbuena,Fisica,4
3857,Victoria Higueras,Fisica,5
4433,Dorita Cornejo,Fisica,5
5891,Catalina Gallo,Matematicas,6
9826,Nacho Corral,Programacion,1
6912,Baltasar Amador,Programacion,1
1373,Rafael Beltran,Programacion,8
3911,Renata Estévez,Matematicas,5
6876,René Avilés,Fisica,5
8602,Emilio Salazar,Matematicas,5
4031,Calisto Tejera,Matematicas,5
3829,Mohamed Esteve,Matematicas,5
4633,Eleuterio Rico,Programacion,6
6320,Vilma Sans,Matematicas,8
7158,Gerónimo Benavides,Fisica,3
6092,Felix Fábregas,Matematicas,5
9222,Flavia Alonso,Programacion,7
2024,Custodia Ruano,Programacion,5
4029,Onofre Romeu,Fisica,5
2735,Jennifer Navarro,Fisica,2
2519,Xiomara Orozco,Programacion,6
1994,Gerónimo Aguado,Fisica,5
3082,Venceslás Herranz,Matematicas,5
9077,Leandra Perea,Matematicas,5
3800,Fermín Villaverde,Fisica,7
4091,Eliseo Nadal,Programacion,5
7684,Lucho Millán,Programacion,4
7383,Merche Arregui,Programacion,6
9523,Marisol Lozano,Programacion,5
2896,Fernanda Robledo,Matematicas,9
5569,Estrella Velasco,Matematicas,6
8784,Rafaela Huertas,Matematicas,7
7349,Gonzalo Durán,Programacion,5
4364,Basilio Franco,Fisica,5
3367,Wálter Botella,Matematicas,5
4491,Cruz Carranza,Fisica,4
3629,Claudia Sevillano,Matematicas,5
4584,Rosaura Ripoll,Programacion,7
8214,Francisco Menendez,Fisica,9
7642,Regina Valle,Programacion,7
9280,Viviana Tapia,Fisica,5
5300,Victoria Menéndez,Fisica,8
6292,Luís Benítez,Matematicas,3
3377,Leticia Sobrino,Matematicas,5
8452,Santiago Montserrat,Matematicas,5
1538,Hector Tapia,Matematicas,1
2228,Florinda Blanch,Matematicas,5
4384,Irene Cózar,Programacion,5
6943,Leopoldo Amores,Fisica,5
7204,Dora Anaya,Matematicas,5
3133,Nadia Tolosa,Programacion,5
3907,Jenaro Fuertes,Programacion,7
8599,Anita Pina,Programacion,7
4218,Yésica Amaya,Matematicas,6
5242,Norberto Iñiguez,Programacion,2
1265,Miriam Alberdi,Fisica,6
4335,Baldomero Barrio,Fisica,5
6709,Gaspar Agullo,Programacion,7
8376,Gastón Serna,Matematicas,2
6869,Cándida Córdoba,Fisica,7
8956,Ainoa Morales,Matematicas,4
9558,Natanael Ródenas,Fisica,5
9835,Jose Miguel Abellán,Programacion,4
8845,Silvestre Ribera,Programacion,6
7171,Salomé Múgica,Programacion,7
9106,Antonia Gutiérrez,Matematicas,7
6726,Victoria Pascual,Fisica,2
3651,Fausto Leon,Programacion,9
1080,Isabel Manjón,Matematicas,5
1605,Albert Solsona,Matematicas,5
1382,Amparo Aguirre,Programacion,6
5551,Benita Gallego,Fisica,5
7830,Inmaculada Trujillo,Programacion,8
6231,Bernardino Palau,Fisica,6
2643,Paola Beltran,Programacion,5
1223,Amor Santiago,Matematicas,6
7190,Yaiza Morales,Matematicas,10
1357,Azahar Montero,Matematicas,6
3652,Encarnacion Dávila,Fisica,1
4058,Galo Alcántara,Programacion,5
9892,Catalina Castrillo,Programacion,6
8426,Vasco Sanz,Matematicas,7
1561,Wálter Naranjo,Programacion,5
3895,Vinicio Sanz,Matematicas,4
5589,Rosa Bosch,Programacion,5
8739,Felipe Cabo,Fisica,8
5279,Roque Tejada,Matematicas,9
6997,Andrea Ribera,Fisica,10
5299,Teófilo Tapia,Fisica,8
9871,Gracia Alcántara,Programacion,7
6389,Sol Sosa,Matematicas,6
9251,Consuelo Azorin,Programacion,10
8979,Aroa Hervás,Matematicas,7
6823,Dalila Gámez,Fisica,5
4268,Teobaldo Campillo,Matematicas,10
6041,Adrián Real,Fisica,5
7634,Pablo Feijoo,Programacion,7
8258,Febe Sedano,Programacion,6
2893,Viviana Gascón,Matematicas,6
9435,Calixta Chaves,Matematicas,4
2238,Gisela Alonso,Matematicas,2
9595,Candelaria Benavides,Matematicas,8
4844,Maximiliano Rey,Matematicas,6
4265,Susanita Fuente,Fisica,5
5846,Aarón Font,Programacion,5
2313,Rafa Saura,Programacion,5
3932,Eleuterio Valero,Fisica,5
1188,Ulises Girón,Programacion,6
6417,Ximena Jiménez,Programacion,2
8006,María Cristina Guzman,Programacion,6
7344,Lope Durán,Programacion,6
7361,Julián Granados,Programacion,6
2477,Alfredo Ricart,Matematicas,6
9271,Leoncio Figueroa,Programacion,7
5860,Salomón Esteve,Matematicas,9
2317,Valentina Bustos,Matematicas,4
2289,Galo Real,Fisica,6
7876,Xiomara Exposito,Fisica,6
2193,María Luisa Santamaría,Programacion,7
7640,Ema Miranda,Matematicas,7
3113,Sebastian Tejedor,Programacion,6
8207,Américo Elías,Fisica,5
4391,Isaac Manzano,Fisica,7
9167,Leocadio Cal,Fisica,7
2708,Luz Galán,Programacion,8
9398,Yaiza Baños,Matematicas,5
8580,Alex Ruano,Fisica,5
9481,Rosalva Quero,Programacion,5
2648,Jacinto Calderón,Matematicas,9
6727,Maximino Blanco,Programacion,7
6877,Melchor Lillo,Fisica,5
6796,Melisa Manuel,Programacion,7
2601,Hilario Castillo,Programacion,5
9556,Morena Ferrándiz,Fisica,7
7715,Chus Olivares,Fisica,7
3537,Rosario Parra,Matematicas,7
5194,Conrado Sáez,Fisica,6
9024,Anacleto Espinosa,Matematicas,5
1938,Cristian Viana,Matematicas,7
9192,Montserrat Bellido,Matematicas,6
8740,Gonzalo Toro,Matematicas,3
9674,Edu Moliner,Fisica,5
5062,Candelas Olmedo,Programacion,5
1713,Caridad Arco,Fisica,8
9614,Rebeca Mas,Programacion,4
6736,María Dolores Castrillo,Programacion,3
9651,Candelario Donaire,Matematicas,2
6566,Celestino Gonzalez,Programacion,4
9126,Perla Angulo,Programacion,6
4310,Isaac Ropero,Fisica,6
5330,Clara Lozano,Programacion,6
4015,Ismael Saavedra,Programacion,8
6463,Cayetana Medina,Matematicas,5
5982,Nicolás Oliver,Programacion,4
1380,Luisa Ramirez,Matematicas,5
6438,Leopoldo Melero,Matematicas,6
7145,Soledad Vergara,Fisica,3
5816,Paola Aranda,Programacion,6
6852,Selena Gargallo,Programacion,6
4116,Itziar Moles,Fisica,5
9441,Fabián Hervás,Matematicas,10
3763,Eligia Iglesias,Programacion,7
2680,Macario Álvarez,Matematicas,4
5180,Alejandro Barroso,Fisica,6
2211,Alex Pedraza,Programacion,7
7150,Vidal Pozo,Fisica,5
1127,Candelas Sotelo,Programacion,2
8308,Marita Villalonga,Matematicas,7
3644,Florentino Aparicio,Programacion,4
2010,Zaira Sierra,Fisica,6
8276,Elías Grande,Fisica,5
3405,Josefa Quiroga,Programacion,5
5672,Carla Alfonso,Fisica,4
8004,Edgardo Elorza,Matematicas,6
8158,Virginia Hervás,Matematicas,6
9846,Aurora Viñas,Fisica,4
2322,María Fernanda Vila,Matematicas,9
1654,Susanita Verdejo,Programacion,5
9714,Gabino Blanes,Fisica,5
5479,Paca Fabregat,Programacion,6
1837,Marino Pedraza,Fisica,6
6910,Claudia Escolano,Fisica,5
9682,Elodia Navarrete,Matematicas,2
9283,Luna Ledesma,Programacion,6
1939,Remigio Piñol,Programacion,5
7466,Cruz Arcos,Programacion,9
9392,Margarita Mayo,Fisica,5
8435,Eric Nogués,Fisica,5
1094,Leyre Román,Programacion,9
1273,Albert Manzano,Fisica,7
1855,Amor Hernandez,Matematicas,6
5178,Cruz Amor,Matematicas,2
5229,Rufina Cuevas,Matematicas,6
2031,Diana Cortina,Matematicas,5
6651,Maxi Becerra,Fisica,5
7544,Ángel Silva,Matematicas,6
4530,Gervasio Arévalo,Programacion,6
7388,Nazaret Ródenas,Matematicas,7
6925,Leonor Seguí,Matematicas,5
1854,Hilario Marco,Programacion,6
8210,Luisina Herranz,Fisica,5
3805,Juan Pablo Aroca,Programacion,6
8200,Pío Cordero,Matematicas,5
3596,Cristóbal Mata,Fisica,5
9079,Ibán Rocamora,Matematicas,5
3250,Balduino Carnero,Programacion,7
1798,Ruperto Villar,Programacion,2
2724,Amor Herrero,Programacion,5
5130,Lucio Garmendia,Fisica,8
5029,Dionisia Lago,Matematicas,1
1540,Calista Asensio,Programacion,6
1186,Aitana Pont,Fisica,5
5447,Roberta Bilbao,Matematicas,10
5389,Adela Téllez,Matematicas,1
5823,Adalberto Franco,Programacion,3
6599,Susana Vargas,Matematicas,8
7334,Bartolomé Antón,Matematicas,4
8136,Alondra Huertas,Matematicas,5
4852,Gastón Mesa,Programacion,5
2146,Gilberto Gual,Fisica,6
1093,Lucho Torrijos,Programacion,6
2278,Manu Aroca,Fisica,9
2208,Elena Araujo,Programacion,5
5852,Dalila Cabezas,Programacion,5
6793,Chucho Rosselló,Fisica,6
6359,Consuela Castañeda,Matematicas,6
2501,Abilio Peña,Programacion,5
9248,Saturnina Ferrández,Matematicas,5
2850,Amando Fuentes,Fisica,10
6207,Marcelo Mancebo,Fisica,5
8422,Nilo Sala,Matematicas,2
5604,Caridad Viña,Programacion,6
6201,Alba Doménech,Matematicas,5
3516,Loida Ferrández,Matematicas,6
4863,Antonia Pi,Programacion,6
6995,Jose Bello,Programacion,3
6546,Noelia Roma,Fisica,1
4632,Marisela Bauzà,Fisica,6
6227,Dulce Pera,Matematicas,10
1978,Gertrudis Rodriguez,Fisica,5
2542,Bautista Rivero,Fisica,9
1729,Tere Puerta,Fisica,5
4534,Leire Ferrándiz,Matematicas,2
5769,Carmela Pardo,Programacion,6
8557,Alfredo Vara,Programacion,6
9112,Isaías Camacho,Fisica,6
5206,Adelina Araujo,Matematicas,9
5024,Rosendo Vallés,Fisica,5
5857,Calixto Solano,Fisica,6
9540,Eva Alcaraz,Programacion,6
6381,Candelaria Roman,Fisica,8
1770,Manola Blanca,Matematicas,10
8102,Lorenzo Valera,Fisica,5
3789,Jaime Pascual,Programacion,5
4231,Valeria Sanjuan,Programacion,2
8428,Martin Valderrama,Programacion,5
6532,Marina Cabello,Fisica,5
3519,Valentín Macias,Matematicas,8
1791,Mercedes Collado,Matematicas,5
3225,Cándido Borja,Programacion,5
5490,Noelia Talavera,Fisica,5
8910,Bernardo Capdevila,Fisica,3
2169,Loreto Valderrama,Matematicas,5
5912,Gerónimo Ramirez,Fisica,5
2855,Gloria Alonso,Programacion,5
6918,Daniela Pi,Programacion,6
6553,Guadalupe Riba,Matematicas,5
6339,Nicodemo Malo,Fisica,5
5620,Hector Bilbao,Matematicas,7
6819,Jose Carlos Ferrero,Matematicas,3
4836,José Manuel Juan,Programacion,4
2533,Miguel Ángel Becerra,Matematicas,2
7907,René Manso,Fisica,5
3061,Emperatriz Quirós,Programacion,5
8571,Obdulia Alcalde,Fisica,6
9402,Filomena Manzanares,Fisica,8
4242,Jose Francisco Pascual,Fisica,10
8975,Rolando Río,Matematicas,10
3952,Jacinto Dalmau,Matematicas,6
4289,Soraya Ramón,Fisica,5
2552,Aarón Cabañas,Programacion,5
6861,Óscar Almagro,Fisica,6
6690,Primitivo Suárez,Fisica,2
7580,Nilda Carreras,Matematicas,6
8813,Rico Losa,Matematicas,4
8980,Javier Esteban,Programacion,5
3556,Fabricio Perea,Programacion,5
7249,Otilia Anguita,Matematicas,10
6416,Florentino Navarrete,Programacion,3
4672,Eduardo Verdejo,Programacion,5
5342,Nicodemo Pol,Fisica,6
2890,Ismael Tello,Fisica,7
1170,Florentina Manso,Matematicas,5
4089,Nereida Manuel,Programacion,7
7983,Emigdio Barberá,Programacion,2
9985,Inés Alonso,Matematicas,5
8982,Chelo Rico,Programacion,5
3935,Diego Valle,Matematicas,10
2462,Roxana Lobo,Matematicas,5
9491,Borja Fuente,Programacion,5
2526,Dolores Pinilla,Programacion,8
4808,Roldán Serrano,Matematicas,8
9158,Natalia Planas,Programacion,6
8031,Agustín Ariño,Matematicas,3
7292,Bibiana Montaña,Fisica,1
6445,Evaristo Arcos,Programacion,5
2869,Camilo Zabala,Programacion,5
4854,Maristela Saavedra,Fisica,9
8842,Rolando Huertas,Programacion,6
5394,Renato Alarcón,Fisica,6
7758,Emilio Ponce,Programacion,5
7177,Adelaida Anglada,Matematicas,5
1461,Griselda Aguilera,Fisica,6
5172,Mireia Estevez,Fisica,6
6299,Ana Sofía Pla,Fisica,7
6860,Joan Núñez,Fisica,5
8099,Javi Rosa,Matematicas,5
9141,Emiliana Mateos,Programacion,9
4679,Arsenio Parra,Matematicas,10
3564,Aníbal Moraleda,Programacion,3
2067,Javier Sabater,Fisica,5
3762,María Lumbreras,Matematicas,5
8730,Petrona Gracia,Programacion,3
8037,Sara Real,Fisica,2
5703,Ariel Vélez,Programacion,6
6351,Lucila Pedrosa,Fisica,7
3385,Caridad Sans,Matematicas,4
6259,Angélica Paniagua,Matematicas,5
5480,Nicodemo Paniagua,Programacion,6
9552,Ariadna Hidalgo,Fisica,5
9289,Merche Medina,Fisica,5
5841,Ruth Montaña,Matematicas,6
3309,María Dolores Mayo,Fisica,6
6367,Evelia Casado,Matematicas,6
4340,Eleuterio Calleja,Matematicas,5
7785,Constanza Vargas,Matematicas,9
7262,Susanita Conesa,Programacion,6
2504,Reynaldo Mariño,Fisica,7
1765,María Cristina Olivera,Programacion,6
3759,Juan Palomino,Programacion,5
7541,Merche Cerezo,Fisica,7
9227,Casemiro Vicente,Programacion,6
6378,Roxana Fernandez,Matematicas,5
4216,Rico Carmona,Matematicas,6
7508,Rosalía Solís,Matematicas,1
1637,Celestina Pinto,Programacion,6
6005,Nacho Castro,Matematicas,5
1165,Victoriano Raya,Fisica,5
1838,Maximino Barros,Fisica,7
9431,Marcelino Calvet,Fisica,5
8205,Belén Bertrán,Fisica,5
2592,Rodrigo Zabala,Matematicas,9
6636,Elba Acuña,Programacion,5
4328,Alejandro Reig,Matematicas,5
1173,Horacio Rivera,Fisica,5
5955,Haydée Páez,Fisica,5
2539,Dan Cisneros,Fisica,9
5993,Valerio Verdejo,Matematicas,8
5921,Candelas Lluch,Fisica,5
3148,Celso Casal,Matematicas,6
4675,Pedro Calvet,Matematicas,3
3849,Samu Ángel,Fisica,6
6800,Ramiro Nevado,Fisica,3
7178,Agapito Borrell,Matematicas,5
1481,Maximiliano Tejero,Programacion,5
8397,Jacinta Arana,Fisica,6
5749,Guiomar Briones,Fisica,6
7613,María Teresa Molins,Matematicas,6
4685,Visitación Iborra,Fisica,6
1189,Fernando Parejo,Fisica,7
4606,Bienvenida Solera,Programacion,5
8310,Claudia Varela,Fisica,9
5794,Leocadio Vergara,Fisica,4
3381,Luis Casado,Fisica,10
6903,Dominga Porcel,Programacion,5
7944,Nazaret Viana,Fisica,7
2979,Jovita Mascaró,Matematicas,7
8986,Pío Arregui,Fisica,7
2694,Omar Saavedra,Matematicas,5
3476,Carla Mena,Programacion,7
5313,Angélica Barrena,Fisica,6
8088,Lola Echeverría,Programacion,5
5341,Feliciano Saldaña,Programacion,5
4164,Odalys Verdejo,Fisica,3
4785,Emperatriz Ramirez,Matematicas,7
6520,Julio César Lozano,Programacion,8
6654,Paloma Pazos,Programacion,6
6570,Anastasio Báez,Fisica,9
7291,Celestina Melero,Matematicas,10
6653,Albino Mate,Fisica,7
7475,Celso Ferrero,Programacion,6
2914,Flor Soto,Programacion,5
9750,Carla Pedro,Fisica,5
6992,Feliciana Llorente,Fisica,5
9531,Mariana Bello,Programacion,5
1948,Alejo Salvà,Matematicas,8
7749,Griselda Hernando,Programacion,6
8320,Abilio Cantero,Matematicas,6
1425,Aureliano Zabaleta,Programacion,5
9177,Juliana Millán,Matematicas,7
9150,Yésica Cortina,Matematicas,3
8318,Néstor Rebollo,Fisica,5
3942,Renata Bonet,Programacion,10
1700,Ema Ortiz,Fisica,5
9599,Eladio Herrero,Fisica,10
9541,Cleto Ortuño,Fisica,8
2201,Cintia Valls,Programacion,4
7777,Julio Checa,Matematicas,5
4571,Nicolás Conesa,Programacion,6
2412,Dan Marí,Matematicas,5
9932,Noelia Carrera,Fisica,10
3352,Jovita Aranda,Fisica,7
3705,Teófilo Company,Programacion,5
7140,Renata Checa,Fisica,5
2604,Purificación Lladó,Matematicas,6
1214,Dan Vizcaíno,Programacion,5
9497,Rita Mendizábal,Programacion,6
4023,Eulalia García,Matematicas,1
3949,Evaristo Chamorro,Fisica,7
1427,Carolina Francisco,Programacion,6
3271,Nico Cañete,Fisica,5
5191,Eliseo Morcillo,Programacion,10
1496,Nicolasa Pineda,Matematicas,10
8066,Gloria Alcolea,Matematicas,6
8477,Nélida Gonzalo,Fisica,7
8638,Cristian Guardiola,Fisica,5
3926,Juan Vera,Matematicas,6
7264,Ramiro Villegas,Fisica,2
4954,Maxi Ros,Fisica,6
1359,Lucila Bernad,Programacion,6
1819,Dafne Pinto,Matematicas,6
3123,Yaiza Guerra,Programacion,5
5032,María Ángeles Arellano,Programacion,7
9160,Lázaro Aragón,Programacion,5
5765,Bernardino Manso,Fisica,2
2237,Vito Fabra,Programacion,5
5182,Gustavo Benavente,Programacion,6
1219,Dominga Zurita,Programacion,8
1209,Modesta Solano,Fisica,3
5080,Nydia Solera,Fisica,5
4882,Soraya Dalmau,Programacion,6
6337,Consuelo Morillo,Fisica,5
5533,Irene Pulido,Fisica,3
9799,Luisina Pacheco,Matematicas,6
1922,Berto Pou,Matematicas,5
1046,Cándida Nicolau,Matematicas,5
9629,Azahar Baeza,Fisica,6
4024,Aureliano Canet,Programacion,6
9237,Irma Orozco,Matematicas,8
5331,Etelvina Torrens,Matematicas,5
4261,Macarena Gomis,Matematicas,5
9715,Toribio Sáez,Programacion,7
3880,Isabela Solana,Programacion,6
9570,Francisco Javier Olmedo,Fisica,5
5916,Geraldo Solana,Matematicas,9
2636,Fabricio Sastre,Programacion,6
8369,Vito Viñas,Programacion,6
4131,Federico Raya,Matematicas,2
7362,Dulce Arrieta,Fisica,9
1329,Amalia Vázquez,Fisica,3
1238,Abilio Verdugo,Programacion,5
4313,Amalia Alcántara,Programacion,5
9415,Nilo Mercader,Fisica,7
2403,Iker Ibáñez,Matematicas,4
2148,Virgilio Castañeda,Programacion,5
4239,Reyna Escrivá,Fisica,7
4573,Candelas Peral,Matematicas,10
9532,Elba Landa,Matematicas,5
6924,Ximena Acedo,Fisica,5
7035,Paulina Fajardo,Matematicas,9
8642,Prudencio Torrecilla,Fisica,6
4842,Baudelio Marcos,Programacion,5
1715,Nico Osorio,Fisica,6
5748,Rocío Manuel,Programacion,7
6044,Yésica Colomer,Programacion,1
4209,Galo Benítez,Matematicas,5
2717,José Sans,Matematicas,5
3510,Marisela Cózar,Programacion,3
1850,Juan Pablo Perera,Programacion,10
1459,Jafet Ibarra,Fisica,1
2969,Francisco Llorens,Programacion,3
3496,Francisco Javier Criado,Programacion,5
5811,Samanta Cañizares,Programacion,9
4696,Amada Tomé,Fisica,1
4875,Evangelina Gallardo,Matematicas,6
3860,Amelia Verdejo,Programacion,9
4455,Marcos Guillen,Fisica,10
4422,Agustín España,Matematicas,7
3489,Teobaldo Malo,Matematicas,5
5209,Domingo Ferrández,Fisica,8
7256,Anabel Belmonte,Fisica,5
8445,Zaira Guardia,Matematicas,5
1699,Modesto Aguiló,Matematicas,6
1724,Alejo Solís,Programacion,5
5118,Julia Antón,Fisica,5
5683,Danilo Sedano,Matematicas,1
5832,Anunciación Infante,Fisica,5
6668,Itziar Blázquez,Programacion,6
7693,Patricio Dueñas,Programacion,5
8328,Severino Jimenez,Programacion,10
7051,Aurelia Machado,Fisica,6
5574,Celestina Casanovas,Fisica,7
2370,Cirino Alfonso,Matematicas,5
4736,Narciso Bertrán,Programacion,6
1526,Amor Grande,Matematicas,6
4273,Nazaret Cisneros,Matematicas,5
9166,Florinda Riquelme,Programacion,7
5507,Gregorio Botella,Fisica,1
5217,Anacleto Zabaleta,Matematicas,5
6074,Nereida Adadia,Fisica,10
8895,Albina Armas,Fisica,9
5934,Alexandra Marí,Matematicas,5
1702,María Jesús Benavides,Programacion,5
3940,Sol Hidalgo,Matematicas,7
7126,Candelario Huguet,Matematicas,7
7987,Dan Verdugo,Matematicas,5
4845,Bonifacio Blázquez,Matematicas,5
7488,Jose Francisco Blanco,Matematicas,3
7635,Flor Flor,Matematicas,10
2756,María Belén Quintero,Fisica,6
5674,Maristela Vaquero,Programacion,5
1243,Rosa Aliaga,Matematicas,7
5901,Imelda Perera,Programacion,9
2778,Rico Pallarès,Programacion,8
9952,María Toro,Matematicas,3
1379,Cornelio Mur,Programacion,9
4000,Noelia Carrera,Fisica,7
4904,Esperanza Pablo,Matematicas,5
4670,Marisol Roda,Fisica,6
4563,Noemí Ródenas,Fisica,2
3478,Inés Verdú,Programacion,2
7548,Óscar Aller,Fisica,5
8639,Marisela Chacón,Matematicas,6
5107,Juanita Plana,Matematicas,5
9274,Gil Beltran,Matematicas,5
6210,Cayetana Andrés,Fisica,10
5925,Mario Sans,Matematicas,5
8616,Marisa Valbuena,Fisica,5
6638,Gastón Reguera,Programacion,5
8886,Aníbal Blanes,Programacion,9
1983,Calista Novoa,Matematicas,5
3441,Ruy Lopez,Programacion,5
2116,Luciano Roselló,Fisica,10
3205,Malena Oliveras,Programacion,3
9278,Jacobo Casal,Fisica,6
3395,Irene Torrens,Programacion,5
7129,Petrona Escobar,Programacion,8
1366,Vicenta Garriga,Programacion,5
5937,Ángeles Pascual,Fisica,7
8032,Venceslás Ochoa,Matematicas,6
5388,Berta Escalona,Programacion,7
4319,Óscar Rodríguez,Fisica,6
6905,Octavia Balaguer,Fisica,6
1042,Eric Bolaños,Programacion,7
3281,Custodio Batalla,Matematicas,5
5085,Miriam Cobo,Fisica,5
2359,Marcelino Nieto,Programacion,6
8798,Toni Narváez,Fisica,1
1242,Almudena Gracia,Fisica,3
6760,Cosme Vizcaíno,Programacion,10
2424,Wálter Alsina,Matematicas,6
5239,Renato Larrea,Fisica,6
1030,Angelina Ríos,Programacion,6
5408,Marino Murillo,Programacion,4
8351,Benigna Almeida,Programacion,7
3285,Cándido Tejera,Matematicas,7
6063,Emiliano Barral,Programacion,5
4151,Dolores Barón,Matematicas,3
7403,Bárbara Quero,Matematicas,6
3506,Bernardino Arias,Programacion,4
2360,Abigaíl Carranza,Matematicas,9
4816,Manuelita Pera,Matematicas,10
1318,Ignacio Bravo,Fisica,5
3144,Leopoldo Casanova,Programacion,8
1241,Daniel Nicolás,Fisica,4
2086,Marcos Alberola,Programacion,5
7151,Heraclio Seguí,Programacion,8
1757,Valentín Pozuelo,Fisica,9
7803,Fernando Arjona,Matematicas,7
2280,Marisela Bilbao,Matematicas,3
2817,Rosalía Aranda,Fisica,5
4804,Almudena Escolano,Matematicas,1
3927,Fanny Barceló,Matematicas,1
5720,Cruz Chamorro,Matematicas,5
1309,Jorge Mir,Matematicas,6
2699,Hortensia Durán,Programacion,6
9641,Luis Ángel Torrent,Fisica,2
5571,Salud Parejo,Programacion,5
2572,Leocadia Portero,Matematicas,5
1311,María Jesús Menendez,Matematicas,6
2053,Dolores Ledesma,Matematicas,4
1413,Evelia Pina,Matematicas,6
3208,Roque Peinado,Matematicas,7
8836,María Jesús Arroyo,Programacion,2
2760,Áurea Barroso,Fisica,6
9581,Leandro Marquez,Programacion,5
7331,Luna Arjona,Fisica,7
7610,Hortensia Pastor,Matematicas,5
9217,Bonifacio Valentín,Programacion,5
6749,Paca Pozuelo,Programacion,10
4140,Jacinta Vergara,Programacion,5
7695,Leoncio Font,Fisica,8
4041,Victor Manuel Cordero,Matematicas,1
5025,Ágata Puga,Programacion,5
9416,Balduino Rosado,Fisica,6
5654,Urbano Amores,Fisica,8
7243,Valeria Juliá,Programacion,5
5856,Jessica Cisneros,Matematicas,5
7963,Reyes Olivares,Programacion,5
7124,Gabriela Berrocal,Fisica,6
5316,Domitila Alcalá,Matematicas,10
7358,Juan Carlos Tomé,Programacion,6
5099,Teodora Vilaplana,Matematicas,7
9127,Xiomara Cabo,Programacion,6
1745,Zaira Nieto,Programacion,5
1860,Cristóbal Acuña,Fisica,9
8048,Rubén Gallardo,Programacion,5
9378,María Gascón,Matematicas,9
1414,Juan Francisco García,Programacion,5
2049,Montserrat Acero,Fisica,5
7622,Emilia Borrell,Matematicas,5
3499,Roberta Pozo,Fisica,1
1821,Zaida Carranza,Programacion,7
7814,Viviana Paredes,Matematicas,7
4902,María José Abella,Matematicas,2
7007,Fabricio Almazán,Matematicas,9
2649,Gloria Jáuregui,Fisica,6
1547,María Jesús Pujadas,Fisica,4
6119,Petrona Ferrández,Programacion,8
6812,Nazaret Madrigal,Fisica,5
4228,Gracia Ribera,Matematicas,6
7053,Sabas Prats,Programacion,5
5908,Bernabé Nogueira,Programacion,6
5970,Perlita Badía,Programacion,7
7021,Reyes Carbonell,Matematicas,5
3049,Sabina Pinedo,Programacion,4
8676,Mohamed Quesada,Programacion,2
8194,Amelia Farré,Programacion,6
5555,Rocío Iniesta,Matematicas,9
1707,Julián Bauzà,Fisica,7
2959,Azahara Iglesia,Programacion,7
8487,Luciano Macías,Programacion,7
8771,Armando Sánchez,Matematicas,7
5885,Amalia Bolaños,Fisica,5
1191,Modesto Revilla,Matematicas,5
1246,Pastora Sans,Programacion,6
4451,Eloy Planas,Matematicas,5
9586,Adelardo Manrique,Fisica,5
8182,Eloísa Alcolea,Programacion,10
3997,Jacinta Fuertes,Fisica,7
7969,Ágata Dávila,Fisica,3
3771,Clímaco Neira,Matematicas,6
3130,Graciano Bartolomé,Programacion,5
4850,Purificación Gual,Fisica,6
2901,Dorotea Nevado,Matematicas,5
4085,Toño Amaya,Matematicas,5
2565,Goyo Marcos,Matematicas,2
3753,Melisa Juárez,Programacion,8
3893,Lola Benavides,Fisica,7
7211,Tomasa Mariño,Matematicas,6
6734,Sabas Olmedo,Fisica,8
8103,Vinicio Cerdán,Fisica,9
2418,Leonor Dominguez,Programacion,6
7651,Andrés Felipe Vazquez,Matematicas,5
5195,Araceli Pou,Matematicas,8
7574,Wilfredo Campos,Programacion,6
1862,Martín Fabregat,Programacion,5
3974,Salvador Ferrándiz,Fisica,5
2746,Agapito Zapata,Programacion,5
8916,Cristian Plaza,Fisica,9
2932,Reyna Dalmau,Matematicas,6
1009,Ariel Alberto,Fisica,3
3934,Ángela Ferrero,Matematicas,1
3669,Plácido Pina,Fisica,6
3186,Mireia Egea,Fisica,7
6422,Victoria Gaya,Fisica,4
6120,Humberto Lloret,Matematicas,6
2118,Aurelia Mosquera,Fisica,5
5237,Jose Manuel Campillo,Matematicas,6
8384,Inmaculada Macias,Programacion,8
7012,Merche Lopez,Matematicas,2
2512,Trinidad Tudela,Matematicas,2
4177,Quique Acosta,Fisica,5
6692,Julio Tejedor,Matematicas,6
4789,Miriam Acedo,Fisica,7
3471,Rosario Ramos,Programacion,5
4154,Socorro Berenguer,Programacion,5
8656,Juliana Barranco,Programacion,4
8536,Úrsula Adán,Programacion,6
1245,Cristian Figuerola,Matematicas,6
3982,Amador Jaén,Matematicas,1
3498,Javiera Torralba,Programacion,6
1687,Florentino Beltran,Programacion,8
8544,Anastasio Martinez,Matematicas,5
2782,Buenaventura Arnal,Matematicas,9
9666,Gregorio Vargas,Programacion,7
6010,Celso Luna,Fisica,6
4034,Matías Riquelme,Fisica,6
1801,Edu Lamas,Fisica,2
7540,Teodosio Mena,Programacion,7
2605,Nayara Mulet,Fisica,6
6618,Jimena Villa,Programacion,5
7775,Rosa Peñalver,Programacion,7
8999,Filomena Gimenez,Fisica,8
4681,Aura Aguirre,Fisica,8
8429,Marcio Marí,Fisica,3
9043,María Cristina Gálvez,Programacion,9
4016,Guadalupe Sarabia,Programacion,7
2789,Daniela Cazorla,Fisica,7
4756,Viviana Porta,Programacion,4
4939,Lucas Abad,Matematicas,5
5529,Leoncio Gallardo,Programacion,5
7679,Elías Vera,Matematicas,5
8106,Quique Perea,Fisica,5
6549,Josué Flor,Matematicas,3
9729,Wálter Galván,Matematicas,5
9601,Pascual Real,Programacion,5
8592,Cristina Sarmiento,Fisica,7
1087,Patricio Valentín,Programacion,3
2546,Ricardo Pina,Fisica,4
4338,Albina Lozano,Fisica,5
1178,Pío Bello,Programacion,7
9430,Sebastian Gómez,Matematicas,6
4040,Cruz Moliner,Matematicas,5
5397,Micaela Garriga,Programacion,6
1033,Saturnino Valbuena,Matematicas,10
2265,Bárbara Terrón,Fisica,5
6617,Daniel Lasa,Matematicas,5
8176,Zacarías Gallardo,Fisica,2
3936,Loreto Blázquez,Programacion,8
8342,Rosa María Pomares,Matematicas,5
7614,Clara Valdés,Matematicas,6
5143,Eufemia Orozco,Fisica,1
9483,Rosalva Arévalo,Programacion,2
5518,Amanda Almazán,Programacion,1
2902,Melania Ferrera,Programacion,4
6857,Guillermo Calvet,Programacion,7
6534,Jafet Vives,Fisica,7
5410,Vasco Alcolea,Programacion,7
2011,Vidal Losa,Fisica,1
7514,Aroa Puente,Programacion,6
3439,Balduino Dueñas,Fisica,7
5747,Ana Sofía Vilaplana,Fisica,6
2164,Régulo Guillén,Matematicas,6
7722,David Tolosa,Programacion,1
7245,Fabricio Aguilera,Fisica,6
7040,Amanda Castellanos,Fisica,5
9366,Ana Cortes,Fisica,6
4158,Milagros Amores,Fisica,9
2256,Francisca Mesa,Fisica,2
9545,María Cristina Machado,Matematicas,5
9885,Nacio Bustamante,Fisica,10
9645,Marcelo Cuesta,Matematicas,2
1986,Hector Castellanos,Fisica,5
5176,Andrés Felipe Torrents,Matematicas,5
5380,Maura Asensio,Fisica,6
2426,Saturnino Verdejo,Matematicas,1
5900,Tamara Abascal,Programacion,5
9045,Román Jaume,Programacion,5
5897,Yago Almazán,Matematicas,5
3129,Amparo Tapia,Fisica,7
3197,Sergio Real,Fisica,5
7271,Rita Mateo,Fisica,7
7348,Leocadia Madrid,Fisica,7
9878,Faustino Cañas,Matematicas,5
6168,Encarnacion Iborra,Matematicas,4
2140,Piedad Mayol,Fisica,7
4043,Fabián Roldán,Fisica,4
8646,Adrián Ramos,Fisica,3
7809,Fortunato Pérez,Fisica,6
9348,Inmaculada Chaparro,Programacion,7
9887,José Iniesta,Programacion,6
2221,Francisco Javier Cardona,Programacion,6
8853,Raquel Rozas,Fisica,5
6444,Graciana Valbuena,Programacion,6
7317,Jacinta Manuel,Matematicas,6
6434,Plácido Criado,Matematicas,7
3244,Néstor Lloret,Programacion,7
7137,Candelas Rodriguez,Matematicas,5
8005,Violeta Martorell,Programacion,5
3758,Ibán Monreal,Fisica,5
6058,Rosa María Ribera,Matematicas,5
8690,Ernesto Sanz,Programacion,4
3590,Ángeles Burgos,Matematicas,8
6850,Benigna Flores,Fisica,9
5226,Bernabé Beltrán,Matematicas,6
2183,Roque Vallejo,Programacion,3
2996,Natividad Carretero,Matematicas,3
1016,Lupe Carranza,Programacion,6
7853,Josep Olivé,Fisica,8
5069,Piedad Rosado,Matematicas,3
8089,Manolo Vazquez,Programacion,3
7395,Francisco Jose Molins,Matematicas,3
9592,Clara Suarez,Programacion,6
8804,Flavio Tamarit,Programacion,5
5170,Ana Belén Escobar,Matematicas,5
3252,Óscar Cortes,Programacion,2
1232,Francisca Sola,Fisica,9
3020,Zaida Goñi,Matematicas,5
3221,Cintia Bolaños,Fisica,9
2029,Concepción Jáuregui,Programacion,7
9209,Candela Bastida,Fisica,5
8256,Mohamed Vilanova,Programacion,8
1667,Francisco Javier Gomis,Fisica,6
2854,Leonor Ponce,Fisica,4
1327,Samanta Roldán,Matematicas,7
8649,Armida Sarmiento,Fisica,6
6721,Pepito Bosch,Fisica,5
3491,Marianela Cobos,Fisica,2
2433,Guiomar Barragán,Fisica,5
5193,Iker Palacio,Programacion,9
4142,Cirino Arteaga,Matematicas,6
9423,Melisa Luz,Fisica,5
1815,Abel Blasco,Programacion,5
2304,Olga Moles,Matematicas,6
6875,Caridad Benitez,Matematicas,1
3400,Gonzalo Baeza,Matematicas,6
6798,Vasco Pineda,Fisica,5
3238,Amando Jara,Programacion,1
8146,Rodrigo Asenjo,Programacion,8
4051,Telmo Ojeda,Fisica,1
4326,Donato Coca,Fisica,9
2428,Adán Ruano,Matematicas,5
1718,Graciela Alberola,Programacion,7
6913,Nicolás Jaén,Fisica,7
2272,Herminia Gallart,Matematicas,4
6324,Eva Coca,Fisica,4
1913,Maximino Codina,Fisica,6
4582,Dalila Peñalver,Fisica,5
4918,Nayara Nicolau,Matematicas,7
6816,Julio Briones,Programacion,6
2440,Tiburcio Ribas,Fisica,6
2206,Remigio Dominguez,Matematicas,5
6849,Ibán Blanca,Matematicas,5
5426,Ruben Pazos,Fisica,5
1883,Reynaldo Ortega,Programacion,4
2809,Dani Palomares,Matematicas,2
5003,Adela Frías,Matematicas,5
9447,Andrés Felipe Diez,Fisica,5
9122,Perlita Pombo,Programacion,10
2001,Guillermo Orozco,Programacion,6
9075,Ariel Borrego,Fisica,7
7870,Abraham Piñol,Matematicas,7
7196,Olimpia Escudero,Fisica,7
5919,Pacífica Ripoll,Matematicas,2
6587,Paz Amaya,Matematicas,2
6611,Angelino Alba,Matematicas,6
8118,Nadia Cánovas,Programacion,8
2970,Dani Collado,Programacion,5
1594,Fernando Rincón,Fisica,5
9968,Mohamed Matas,Fisica,6
5165,Rufina Padilla,Matematicas,6
6159,Priscila Solana,Fisica,5
9653,Raquel Zapata,Fisica,3
8548,Loida Pedrero,Matematicas,6
3426,Rafa Martín,Matematicas,4
1180,Bienvenida Madrid,Matematicas,6
8758,Celestina Pérez,Programacion,6
2612,Catalina Arteaga,Matematicas,3
4435,Angelita Alcaraz,Fisica,5
6632,Leandra Gimeno,Programacion,5
6190,José Antonio Salvador,Programacion,7
2224,Malena Blasco,Fisica,4
9260,Cándida Zabala,Matematicas,5
9395,Jose Angel Carbonell,Matematicas,5
4651,Carlos Artigas,Programacion,7
8941,Álvaro Bonilla,Matematicas,5
